path,true_label,predicted_label,fresh,suspicious,spoiled
FruQ-DB/Fresh/Image1 (10).png,fresh,fresh,0.9982197880744934,0.001443113898858428,0.00033709246781654656
FruQ-DB/Fresh/Image1 (17).png,fresh,fresh,0.9982301592826843,0.0015955360140651464,0.00017434064648114145
FruQ-DB/Fresh/Image1 (22).png,fresh,fresh,0.9998700618743896,7.02407633070834e-05,5.977446926408447e-05
FruQ-DB/Fresh/Image101 (18).png,fresh,fresh,0.860659658908844,0.13814756274223328,0.0011927300365641713
FruQ-DB/Fresh/Image103 (12).png,fresh,fresh,0.9861998558044434,0.011335468851029873,0.0024647798854857683
FruQ-DB/Fresh/Image103 (17).png,fresh,fresh,0.7144500017166138,0.28421396017074585,0.0013360417215153575
FruQ-DB/Fresh/Image109 (3).png,fresh,fresh,0.9657057523727417,0.03385099768638611,0.00044321914901956916
FruQ-DB/Fresh/Image11 (10).png,fresh,fresh,0.8583630919456482,0.14061367511749268,0.0010232549393549562
FruQ-DB/Fresh/Image11 (11).png,fresh,fresh,0.9988321661949158,0.001049783662892878,0.00011798605555668473
FruQ-DB/Fresh/Image111 (14).png,fresh,fresh,0.9997536540031433,0.00010311822552466765,0.00014321928028948605
FruQ-DB/Fresh/Image111 (2).png,fresh,fresh,0.9976131916046143,0.0023812914732843637,5.497158326761564e-06
FruQ-DB/Fresh/Image119 (10).png,fresh,fresh,0.9915688633918762,0.006681418512016535,0.0017497530207037926
FruQ-DB/Fresh/Image121 (12).png,fresh,fresh,0.9954185485839844,0.004165377002209425,0.0004160529642831534
FruQ-DB/Fresh/Image123 (10).png,fresh,fresh,0.9910193085670471,0.007022273726761341,0.00195842026732862
FruQ-DB/Fresh/Image129 (2).png,fresh,fresh,0.9976660013198853,0.002327410504221916,6.653455784544349e-06
FruQ-DB/Fresh/Image131 (2).png,fresh,fresh,0.9975751042366028,0.0024186414666473866,6.33316085441038e-06
FruQ-DB/Fresh/Image133 (14).png,fresh,fresh,0.9995564818382263,0.00016212722402997315,0.00028132987790741026
FruQ-DB/Fresh/Image135 (3).png,fresh,fresh,0.9455210566520691,0.05349704995751381,0.000981824705377221
FruQ-DB/Fresh/Image1365 (2).png,fresh,fresh,0.9756672978401184,0.024240225553512573,9.2487403890118e-05
FruQ-DB/Fresh/Image1369 (2).png,fresh,fresh,0.9774159789085388,0.022488312795758247,9.58085001911968e-05
FruQ-DB/Fresh/Image1377 (2).png,fresh,fresh,0.9708679914474487,0.028947269544005394,0.00018476233526598662
FruQ-DB/Fresh/Image1381 (2).png,fresh,fresh,0.9663394093513489,0.03340010344982147,0.0002604641194920987
FruQ-DB/Fresh/Image1387 (2).png,fresh,fresh,0.9558725953102112,0.04380553215742111,0.0003219575446564704
FruQ-DB/Fresh/Image1391 (2).png,fresh,fresh,0.9539602994918823,0.04575036093592644,0.0002893074706662446
FruQ-DB/Fresh/Image1397 (2).png,fresh,fresh,0.9604929089546204,0.039210379123687744,0.00029671439551748335
FruQ-DB/Fresh/Image1399 (2).png,fresh,fresh,0.9544494152069092,0.04518648609519005,0.00036412934423424304
FruQ-DB/Fresh/Image141 (13).png,fresh,fresh,0.9528375267982483,0.04650310426950455,0.0006593720172531903
FruQ-DB/Fresh/Image1417 (2).png,fresh,fresh,0.9584944248199463,0.041068822145462036,0.00043675233609974384
FruQ-DB/Fresh/Image143 (12).png,fresh,fresh,0.9946801066398621,0.0046926564536988735,0.0006273140897974372
FruQ-DB/Fresh/Image1445 (2).png,fresh,fresh,0.9788453578948975,0.02107303962111473,8.155300747603178e-05
FruQ-DB/Fresh/Image145 (12).png,fresh,fresh,0.9950429201126099,0.004365420434623957,0.0005916100926697254
FruQ-DB/Fresh/Image145 (3).png,fresh,fresh,0.9535136818885803,0.045565396547317505,0.0009209257550537586
FruQ-DB/Fresh/Image1451 (2).png,fresh,fresh,0.9793349504470825,0.020581219345331192,8.379874634556472e-05
FruQ-DB/Fresh/Image1453 (2).png,fresh,fresh,0.9776840209960938,0.022235574200749397,8.040275861276314e-05
FruQ-DB/Fresh/Image147 (3).png,fresh,fresh,0.9537100195884705,0.04535095393657684,0.0009391044150106609
FruQ-DB/Fresh/Image1477 (2).png,fresh,fresh,0.9746271371841431,0.025253385305404663,0.00011938179522985592
FruQ-DB/Fresh/Image149 (11).png,fresh,fresh,0.8990039825439453,0.09847806394100189,0.002517900662496686
FruQ-DB/Fresh/Image149 (12).png,fresh,fresh,0.995118260383606,0.004258850589394569,0.0006228674319572747
FruQ-DB/Fresh/Image15 (16).png,fresh,fresh,0.996291995048523,0.003699340857565403,8.611697012383956e-06
FruQ-DB/Fresh/Image15 (19).png,fresh,fresh,0.9711804389953613,0.02692566066980362,0.0018939817091450095
FruQ-DB/Fresh/Image151 (12).png,fresh,fresh,0.9952555298805237,0.004089973401278257,0.0006544743664562702
FruQ-DB/Fresh/Image153 (10).png,fresh,fresh,0.991693913936615,0.006338801234960556,0.001967303454875946
FruQ-DB/Fresh/Image153 (12).png,fresh,fresh,0.9951568245887756,0.004153653979301453,0.0006895461701788008
FruQ-DB/Fresh/Image155 (14).png,fresh,fresh,0.9995229244232178,9.026630141306669e-05,0.00038680509896948934
FruQ-DB/Fresh/Image155 (2).png,fresh,fresh,0.9975435137748718,0.002450382336974144,6.063573891879059e-06
FruQ-DB/Fresh/Image159 (12).png,fresh,fresh,0.9950247406959534,0.004362836945801973,0.0006124352221377194
FruQ-DB/Fresh/Image165 (13).png,fresh,fresh,0.9557375907897949,0.04360262304544449,0.0006598073523491621
FruQ-DB/Fresh/Image17 (20).png,fresh,fresh,0.9976052045822144,0.0021546182688325644,0.0002401333040324971
FruQ-DB/Fresh/Image175 (2).png,fresh,fresh,0.9970396161079407,0.002953195245936513,7.166180239437381e-06
FruQ-DB/Fresh/Image177 (12).png,fresh,fresh,0.9942476749420166,0.005149944219738245,0.0006023470195941627
FruQ-DB/Fresh/Image179 (10).png,fresh,fresh,0.9923657774925232,0.006285608746111393,0.0013485680101439357
FruQ-DB/Fresh/Image179 (12).png,fresh,fresh,0.9940675497055054,0.005319312214851379,0.0006131796399131417
FruQ-DB/Fresh/Image181 (10).png,fresh,fresh,0.9923813939094543,0.00631640525534749,0.001302128890529275
FruQ-DB/Fresh/Image183 (12).png,fresh,fresh,0.9939910769462585,0.005368554499000311,0.0006403711740858853
FruQ-DB/Fresh/Image185 (12).png,fresh,fresh,0.9938735961914062,0.005485744681209326,0.0006406959146261215
FruQ-DB/Fresh/Image19 (20).png,fresh,fresh,0.9975736737251282,0.0021745292469859123,0.0002517616667319089
FruQ-DB/Fresh/Image19 (21).png,fresh,fresh,0.9841493964195251,0.015438659116625786,0.0004119245568290353
FruQ-DB/Fresh/Image19 (23).png,fresh,fresh,0.9734382629394531,0.02625422365963459,0.00030753950704820454
FruQ-DB/Fresh/Image193 (10).png,fresh,fresh,0.9918661713600159,0.006785379257053137,0.0013483531074598432
FruQ-DB/Fresh/Image199 (12).png,fresh,fresh,0.9922573566436768,0.006977561395615339,0.0007650642073713243
FruQ-DB/Fresh/Image203 (14).png,fresh,fresh,0.9991055130958557,0.0002576258557382971,0.0006368950707837939
FruQ-DB/Fresh/Image205 (14).png,fresh,fresh,0.9990682005882263,0.0002858898078557104,0.000646046653855592
FruQ-DB/Fresh/Image205 (2).png,fresh,fresh,0.996679425239563,0.0033115632832050323,9.022552148962859e-06
FruQ-DB/Fresh/Image209 (2).png,fresh,fresh,0.996166467666626,0.003825276857241988,8.339708983839955e-06
FruQ-DB/Fresh/Image209 (3).png,fresh,fresh,0.9436154961585999,0.05554705485701561,0.000837489147670567
FruQ-DB/Fresh/Image21 (11).png,fresh,fresh,0.9971283078193665,0.002599078929051757,0.0002726614475250244
FruQ-DB/Fresh/Image211 (12).png,fresh,fresh,0.9925215840339661,0.006745085585862398,0.0007333342218771577
FruQ-DB/Fresh/Image211 (3).png,fresh,fresh,0.9429538249969482,0.05619347468018532,0.000852611439768225
FruQ-DB/Fresh/Image213 (10).png,fresh,fresh,0.9936386942863464,0.005339222494512796,0.0010221600532531738
FruQ-DB/Fresh/Image223 (13).png,fresh,fresh,0.9378066062927246,0.06123705580830574,0.0009563341154716909
FruQ-DB/Fresh/Image223 (14).png,fresh,fresh,0.9987095594406128,0.0006498419679701328,0.0006406414322555065
FruQ-DB/Fresh/Image225 (12).png,fresh,fresh,0.9925091862678528,0.006743242498487234,0.0007476644823327661
FruQ-DB/Fresh/Image225 (13).png,fresh,fresh,0.9378255009651184,0.06122438982129097,0.000950176443438977
FruQ-DB/Fresh/Image225 (3).png,fresh,fresh,0.9458953738212585,0.053411852568387985,0.0006927941576577723
FruQ-DB/Fresh/Image227 (13).png,fresh,fresh,0.9343681931495667,0.06459169834852219,0.0010401044273748994
FruQ-DB/Fresh/Image23 (21).png,fresh,fresh,0.9750294089317322,0.024464815855026245,0.0005057080998085439
FruQ-DB/Fresh/Image231 (11).png,fresh,fresh,0.9908327460289001,0.008260483853518963,0.0009068040526472032
FruQ-DB/Fresh/Image231 (4).png,fresh,fresh,0.9938547015190125,0.0052495370618999004,0.0008957265526987612
FruQ-DB/Fresh/Image233 (11).png,fresh,fresh,0.990403413772583,0.008667842485010624,0.0009286864660680294
FruQ-DB/Fresh/Image235 (6).png,fresh,fresh,0.9902235865592957,0.008802990429103374,0.0009733596234582365
FruQ-DB/Fresh/Image237 (2).png,fresh,fresh,0.9954791069030762,0.004510845523327589,1.000084012048319e-05
FruQ-DB/Fresh/Image237.png,fresh,fresh,0.9977219700813293,0.0014457268407568336,0.0008323643123731017
FruQ-DB/Fresh/Image239.png,fresh,fresh,0.9973980188369751,0.0017128929030150175,0.0008891499601304531
FruQ-DB/Fresh/Image245 (2).png,fresh,fresh,0.994114100933075,0.005873972084373236,1.1969726074312348e-05
FruQ-DB/Fresh/Image245 (6).png,fresh,fresh,0.9908093214035034,0.008326368406414986,0.0008642614120617509
FruQ-DB/Fresh/Image25 (2).png,fresh,fresh,0.9972092509269714,0.0027845120057463646,6.194892193889245e-06
FruQ-DB/Fresh/Image251 (2).png,fresh,fresh,0.9938082098960876,0.00617857975885272,1.3201454748923425e-05
FruQ-DB/Fresh/Image255 (3).png,fresh,fresh,0.8949385285377502,0.10363272577524185,0.0014287150697782636
FruQ-DB/Fresh/Image255 (5).png,fresh,fresh,0.7175001502037048,0.27873101830482483,0.00376879726536572
FruQ-DB/Fresh/Image259 (4).png,fresh,fresh,0.9943378567695618,0.004824536386877298,0.0008375236066058278
FruQ-DB/Fresh/Image261 (5).png,fresh,fresh,0.7363042235374451,0.2603200376033783,0.003375670872628689
FruQ-DB/Fresh/Image261 (6).png,fresh,fresh,0.9893469214439392,0.009707349352538586,0.0009458017302677035
FruQ-DB/Fresh/Image263.png,fresh,fresh,0.9941684007644653,0.004818385001271963,0.0010131709277629852
FruQ-DB/Fresh/Image267 (3).png,fresh,fresh,0.8904426097869873,0.10826686024665833,0.001290569081902504
FruQ-DB/Fresh/Image27 (12).png,fresh,fresh,0.7348101139068604,0.26212191581726074,0.003067941637709737
FruQ-DB/Fresh/Image27 (4).png,fresh,fresh,0.9785848259925842,0.01960160955786705,0.0018135865684598684
FruQ-DB/Fresh/Image273 (2).png,fresh,fresh,0.9932178854942322,0.006769437342882156,1.263628564629471e-05
FruQ-DB/Fresh/Image283 (4).png,fresh,fresh,0.9921535849571228,0.006692714057862759,0.0011536868987604976
FruQ-DB/Fresh/Image283.png,fresh,fresh,0.9841148853302002,0.013964447192847729,0.001920680166222155
FruQ-DB/Fresh/Image289 (5).png,fresh,fresh,0.9907798767089844,0.008335419930517673,0.000884734676219523
FruQ-DB/Fresh/Image29 (10).png,fresh,fresh,0.8723111152648926,0.1266968548297882,0.000992092420347035
FruQ-DB/Fresh/Image29 (11).png,fresh,fresh,0.992978036403656,0.006618922110646963,0.0004031118005514145
FruQ-DB/Fresh/Image29 (7).png,fresh,fresh,0.9899324178695679,0.009950278326869011,0.0001172889387817122
FruQ-DB/Fresh/Image297 (2).png,fresh,fresh,0.9901004433631897,0.009885558858513832,1.4054747225600295e-05
FruQ-DB/Fresh/Image297 (3).png,fresh,fresh,0.8812103867530823,0.1175336018204689,0.0012560354080051184
FruQ-DB/Fresh/Image3 (2).png,fresh,fresh,0.9961560368537903,0.003836192889139056,7.846567314118147e-06
FruQ-DB/Fresh/Image3 (7).png,fresh,fresh,0.9894264936447144,0.010426321066915989,0.00014720381295774132
FruQ-DB/Fresh/Image3 (8).png,fresh,fresh,0.9717029929161072,0.027390137314796448,0.0009068455547094345
FruQ-DB/Fresh/Image301 (2).png,fresh,fresh,0.9870103597640991,0.01297385711222887,1.5747900761198252e-05
FruQ-DB/Fresh/Image303.png,fresh,fresh,0.9511553645133972,0.04458974301815033,0.004254981875419617
FruQ-DB/Fresh/Image307.png,fresh,fresh,0.9233757257461548,0.06985210627317429,0.006772196851670742
FruQ-DB/Fresh/Image31 (12).png,fresh,fresh,0.7028909921646118,0.2935802936553955,0.003528675762936473
FruQ-DB/Fresh/Image31 (3).png,fresh,fresh,0.9625749588012695,0.03706343099474907,0.00036153593100607395
FruQ-DB/Fresh/Image31 (4).png,fresh,fresh,0.9830736517906189,0.015095243230462074,0.001831113244406879
FruQ-DB/Fresh/Image311 (3).png,fresh,fresh,0.8616837859153748,0.13691674172878265,0.0013994999462738633
FruQ-DB/Fresh/Image313.png,fresh,fresh,0.8887253403663635,0.10593529045581818,0.005339356604963541
FruQ-DB/Fresh/Image323 (2).png,fresh,fresh,0.9852731823921204,0.01470663957297802,2.016976213781163e-05
FruQ-DB/Fresh/Image323 (3).png,fresh,fresh,0.8692211508750916,0.12935233116149902,0.0014265567297115922
FruQ-DB/Fresh/Image325 (2).png,fresh,fresh,0.9844873547554016,0.015491151250898838,2.1522369934245944e-05
FruQ-DB/Fresh/Image325.png,fresh,fresh,0.7832727432250977,0.20650306344032288,0.010224164463579655
FruQ-DB/Fresh/Image329.png,fresh,fresh,0.7719243764877319,0.21628865599632263,0.011786970309913158
FruQ-DB/Fresh/Image33 (10).png,fresh,fresh,0.8602434396743774,0.13868896663188934,0.0010676246602088213
FruQ-DB/Fresh/Image33 (11).png,fresh,fresh,0.9864426851272583,0.013077511452138424,0.00047983191325329244
FruQ-DB/Fresh/Image33 (12).png,fresh,fresh,0.7369840741157532,0.2591928243637085,0.0038230945356190205
FruQ-DB/Fresh/Image33 (2).png,fresh,fresh,0.99724942445755,0.0027450446505099535,5.495908681041328e-06
FruQ-DB/Fresh/Image33 (7).png,fresh,fresh,0.9711569547653198,0.028677156195044518,0.00016591140592936426
FruQ-DB/Fresh/Image333.png,fresh,fresh,0.7643848657608032,0.22350670397281647,0.0121084563434124
FruQ-DB/Fresh/Image337 (3).png,fresh,fresh,0.8111096620559692,0.18635594844818115,0.00253440928645432
FruQ-DB/Fresh/Image337 (4).png,fresh,fresh,0.9923027753829956,0.0064464290626347065,0.0012508752988651395
FruQ-DB/Fresh/Image341 (2).png,fresh,fresh,0.9830179214477539,0.016955748200416565,2.638107253005728e-05
FruQ-DB/Fresh/Image343 (4).png,fresh,fresh,0.9928200840950012,0.006082122214138508,0.0010976956691592932
FruQ-DB/Fresh/Image347 (2).png,fresh,fresh,0.9815050959587097,0.018466519191861153,2.8455944629968144e-05
FruQ-DB/Fresh/Image347 (3).png,fresh,fresh,0.8067445158958435,0.19107264280319214,0.002182795200496912
FruQ-DB/Fresh/Image349.png,fresh,suspicious,0.48386523127555847,0.492525577545166,0.02360917627811432
FruQ-DB/Fresh/Image35 (5).png,fresh,fresh,0.9706453084945679,0.02731368876993656,0.002041013678535819
FruQ-DB/Fresh/Image351 (4).png,fresh,fresh,0.9919428825378418,0.006770519074052572,0.0012865426251664758
FruQ-DB/Fresh/Image353 (2).png,fresh,fresh,0.9750579595565796,0.02490651048719883,3.5516633943188936e-05
FruQ-DB/Fresh/Image353 (3).png,fresh,fresh,0.7993272542953491,0.19847875833511353,0.0021939831785857677
FruQ-DB/Fresh/Image353.png,fresh,suspicious,0.3609979450702667,0.6176461577415466,0.021355949342250824
FruQ-DB/Fresh/Image359.png,fresh,fresh,0.973563551902771,0.026398057118058205,3.842632577288896e-05
FruQ-DB/Fresh/Image361 (2).png,fresh,fresh,0.992314875125885,0.006372698117047548,0.0013124701799824834
FruQ-DB/Fresh/Image361.png,fresh,fresh,0.8186413645744324,0.1795366257429123,0.001821985119022429
FruQ-DB/Fresh/Image369 (2).png,fresh,fresh,0.9913396239280701,0.006974995136260986,0.001685345428995788
FruQ-DB/Fresh/Image37 (10).png,fresh,fresh,0.8614729046821594,0.1374082714319229,0.001118747517466545
FruQ-DB/Fresh/Image37 (3).png,fresh,fresh,0.9587850570678711,0.040766604244709015,0.0004483429074753076
FruQ-DB/Fresh/Image37 (7).png,fresh,fresh,0.9770293831825256,0.022690484300255775,0.00028006816864944994
FruQ-DB/Fresh/Image37 (9).png,fresh,fresh,0.9538050889968872,0.04574497789144516,0.00044989059097133577
FruQ-DB/Fresh/Image375 (2).png,fresh,fresh,0.9916524291038513,0.006750213447958231,0.0015972802648320794
FruQ-DB/Fresh/Image377 (2).png,fresh,fresh,0.9907302260398865,0.00749651063233614,0.0017732753185555339
FruQ-DB/Fresh/Image377.png,fresh,fresh,0.7500760555267334,0.24710839986801147,0.002815581625327468
FruQ-DB/Fresh/Image379.png,fresh,fresh,0.7582427859306335,0.2391328364610672,0.002624348271638155
FruQ-DB/Fresh/Image381 (2).png,fresh,fresh,0.9908215999603271,0.007553301751613617,0.0016250237822532654
FruQ-DB/Fresh/Image385 (2).png,fresh,fresh,0.9909118413925171,0.00750804552808404,0.0015800460241734982
FruQ-DB/Fresh/Image389.png,fresh,fresh,0.6986655592918396,0.29745832085609436,0.003876011585816741
FruQ-DB/Fresh/Image39 (2).png,fresh,fresh,0.9971528053283691,0.002841940615326166,5.284785856929375e-06
FruQ-DB/Fresh/Image39 (3).png,fresh,fresh,0.9605963230133057,0.03895404562354088,0.00044973212061449885
FruQ-DB/Fresh/Image39 (8).png,fresh,fresh,0.9563274383544922,0.04207567870616913,0.00159685336984694
FruQ-DB/Fresh/Image39 (9).png,fresh,fresh,0.9553704261779785,0.04418971762061119,0.00043982965871691704
FruQ-DB/Fresh/Image391.png,fresh,fresh,0.7284194827079773,0.2679493725299835,0.0036311291623860598
FruQ-DB/Fresh/Image41 (7).png,fresh,fresh,0.9937992691993713,0.006150306202471256,5.045231955591589e-05
FruQ-DB/Fresh/Image423 (2).png,fresh,fresh,0.9904056191444397,0.0076463669538497925,0.0019479787442833185
FruQ-DB/Fresh/Image425 (2).png,fresh,fresh,0.990220308303833,0.0076939258724451065,0.0020856724586337805
FruQ-DB/Fresh/Image427 (2).png,fresh,fresh,0.9898661971092224,0.008008340373635292,0.002125474391505122
FruQ-DB/Fresh/Image427.png,fresh,fresh,0.8031259775161743,0.19471250474452972,0.002161560347303748
FruQ-DB/Fresh/Image43 (9).png,fresh,fresh,0.9517506957054138,0.04778866469860077,0.00046061546890996397
FruQ-DB/Fresh/Image433 (2).png,fresh,fresh,0.9906653165817261,0.007603901904076338,0.0017308504320681095
FruQ-DB/Fresh/Image435 (2).png,fresh,fresh,0.9900795221328735,0.008043967187404633,0.0018765171989798546
FruQ-DB/Fresh/Image435.png,fresh,fresh,0.7952218651771545,0.20260192453861237,0.0021762142423540354
FruQ-DB/Fresh/Image439.png,fresh,fresh,0.7866644859313965,0.21110226213932037,0.002233194187283516
FruQ-DB/Fresh/Image449 (2).png,fresh,fresh,0.9917640089988708,0.006917101331055164,0.0013187859440222383
FruQ-DB/Fresh/Image451.png,fresh,fresh,0.7639284133911133,0.23334181308746338,0.0027297839988023043
FruQ-DB/Fresh/Image453.png,fresh,fresh,0.744910478591919,0.25117263197898865,0.0039168535731732845
FruQ-DB/Fresh/Image461.png,fresh,fresh,0.9909957051277161,0.00757781695574522,0.0014265254139900208
FruQ-DB/Fresh/Image465.png,fresh,fresh,0.9911119341850281,0.007464297115802765,0.0014236890710890293
FruQ-DB/Fresh/Image47 (11).png,fresh,fresh,0.9798821210861206,0.018920311704277992,0.0011975604575127363
FruQ-DB/Fresh/Image47 (7).png,fresh,fresh,0.9899907112121582,0.009929189458489418,8.016584615688771e-05
FruQ-DB/Fresh/Image473.png,fresh,fresh,0.9891631603240967,0.009263111278414726,0.0015736673958599567
FruQ-DB/Fresh/Image483.png,fresh,fresh,0.9897326827049255,0.008838610723614693,0.0014286577934399247
FruQ-DB/Fresh/Image485.png,fresh,fresh,0.9900301694869995,0.008577553555369377,0.001392277656123042
FruQ-DB/Fresh/Image487.png,fresh,fresh,0.988791823387146,0.00976022519171238,0.0014479615492746234
FruQ-DB/Fresh/Image49 (11).png,fresh,fresh,0.9746226072311401,0.023944292217493057,0.001433120109140873
FruQ-DB/Fresh/Image49 (6).png,fresh,fresh,0.9967948794364929,0.002884566318243742,0.0003206527035217732
FruQ-DB/Fresh/Image5 (2).png,fresh,fresh,0.9957181811332703,0.004273393657058477,8.48656509333523e-06
FruQ-DB/Fresh/Image5 (3).png,fresh,fresh,0.9829591512680054,0.016888247802853584,0.00015258422354236245
FruQ-DB/Fresh/Image5 (8).png,fresh,fresh,0.9704332947731018,0.028601543977856636,0.0009651985019445419
FruQ-DB/Fresh/Image5 (9).png,fresh,fresh,0.9718087911605835,0.027853861451148987,0.00033731196890585124
FruQ-DB/Fresh/Image53 (4).png,fresh,fresh,0.9863807559013367,0.012023655697703362,0.0015956676797941327
FruQ-DB/Fresh/Image55 (11).png,fresh,fresh,0.9356759190559387,0.06184716895222664,0.0024768717121332884
FruQ-DB/Fresh/Image55 (9).png,fresh,fresh,0.9211723208427429,0.07819651067256927,0.0006312199402600527
FruQ-DB/Fresh/Image57 (2).png,fresh,fresh,0.9970961809158325,0.0028979831840842962,5.775481440650765e-06
FruQ-DB/Fresh/Image57 (3).png,fresh,fresh,0.9601407647132874,0.03936397284269333,0.0004952066810801625
FruQ-DB/Fresh/Image57 (5).png,fresh,fresh,0.9649467468261719,0.03240808844566345,0.002645202213898301
FruQ-DB/Fresh/Image57 (7).png,fresh,fresh,0.9766992330551147,0.023047760128974915,0.0002530462224967778
FruQ-DB/Fresh/Image59 (2).png,fresh,fresh,0.9969570636749268,0.00303689856082201,6.008825039316434e-06
FruQ-DB/Fresh/Image61 (8).png,fresh,fresh,0.9251818656921387,0.07125403732061386,0.0035640918649733067
FruQ-DB/Fresh/Image63 (12).png,fresh,fresh,0.6092055439949036,0.3867601156234741,0.004034336190670729
FruQ-DB/Fresh/Image65 (3).png,fresh,fresh,0.9541139602661133,0.045257363468408585,0.0006286009447649121
FruQ-DB/Fresh/Image65 (6).png,fresh,fresh,0.9967742562294006,0.002887896029278636,0.00033785231062211096
FruQ-DB/Fresh/Image65 (7).png,fresh,fresh,0.9781263470649719,0.02158544398844242,0.00028821558225899935
FruQ-DB/Fresh/Image65 (8).png,fresh,fresh,0.9204217791557312,0.07561178505420685,0.003966533113270998
FruQ-DB/Fresh/Image67 (10).png,fresh,fresh,0.8391290903091431,0.15966151654720306,0.0012093406403437257
FruQ-DB/Fresh/Image67 (5).png,fresh,fresh,0.965838611125946,0.03186190128326416,0.002299483399838209
FruQ-DB/Fresh/Image69 (12).png,fresh,fresh,0.6576705574989319,0.33945003151893616,0.0028794161044061184
FruQ-DB/Fresh/Image7 (6).png,fresh,fresh,0.9980567097663879,0.001736424514092505,0.00020683073671534657
FruQ-DB/Fresh/Image7 (8).png,fresh,fresh,0.969977080821991,0.02896827459335327,0.0010546904522925615
FruQ-DB/Fresh/Image71 (4).png,fresh,fresh,0.9882684946060181,0.009921705350279808,0.0018098067957907915
FruQ-DB/Fresh/Image71 (6).png,fresh,fresh,0.9968929290771484,0.0027864985167980194,0.000320524035487324
FruQ-DB/Fresh/Image71 (8).png,fresh,fresh,0.9384730458259583,0.05845063924789429,0.0030763698741793633
FruQ-DB/Fresh/Image73 (3).png,fresh,fresh,0.9644654393196106,0.0350126177072525,0.000521955662406981
FruQ-DB/Fresh/Image73 (7).png,fresh,fresh,0.9699404835700989,0.02966793067753315,0.00039167297654785216
FruQ-DB/Fresh/Image75 (11).png,fresh,fresh,0.6176019906997681,0.3778538703918457,0.0045441631227731705
FruQ-DB/Fresh/Image75 (2).png,fresh,fresh,0.9966734647750854,0.0033203521743416786,6.171484983497066e-06
FruQ-DB/Fresh/Image77 (2).png,fresh,fresh,0.9967666864395142,0.0032275994308292866,5.7024240049941e-06
FruQ-DB/Fresh/Image79 (4).png,fresh,fresh,0.9885318279266357,0.009818258695304394,0.0016499186167493463
FruQ-DB/Fresh/Image79 (5).png,fresh,fresh,0.9618427753448486,0.03603276237845421,0.002124412916600704
FruQ-DB/Fresh/Image81 (5).png,fresh,fresh,0.9624845385551453,0.0353386364877224,0.0021768168080598116
FruQ-DB/Fresh/Image81.png,fresh,fresh,0.9997486472129822,0.00010574726184131578,0.0001455981400795281
FruQ-DB/Fresh/Image83 (5).png,fresh,fresh,0.958943784236908,0.03856106474995613,0.0024951102677732706
FruQ-DB/Fresh/Image83 (7).png,fresh,fresh,0.9713289141654968,0.028288722038269043,0.00038233137456700206
FruQ-DB/Fresh/Image83.png,fresh,fresh,0.9997311234474182,0.00010381895117461681,0.00016508891712874174
FruQ-DB/Fresh/Image85 (8).png,fresh,fresh,0.8995464444160461,0.0951528549194336,0.005300748161971569
FruQ-DB/Fresh/Image87 (4).png,fresh,fresh,0.9885462522506714,0.009750480763614178,0.001703188638202846
FruQ-DB/Fresh/Image87 (9).png,fresh,fresh,0.8425891995429993,0.15618160367012024,0.0012292820028960705
FruQ-DB/Fresh/Image89 (11).png,fresh,fresh,0.5412417054176331,0.45569470524787903,0.0030636549927294254
FruQ-DB/Fresh/Image89.png,fresh,fresh,0.9997524619102478,0.00011319930490572006,0.000134291680296883
FruQ-DB/Fresh/Image9 (10).png,fresh,fresh,0.8600999116897583,0.13885724544525146,0.0010428051464259624
FruQ-DB/Fresh/Image9 (11).png,fresh,fresh,0.9990848302841187,0.0007607833831571043,0.0001543215475976467
FruQ-DB/Fresh/Image91 (4).png,fresh,fresh,0.9874154925346375,0.010559691116213799,0.002024878980591893
FruQ-DB/Fresh/Image93 (6).png,fresh,fresh,0.995965838432312,0.0036338563077151775,0.0004003202775493264
FruQ-DB/Fresh/Image95 (6).png,fresh,fresh,0.9959432482719421,0.0036670705303549767,0.00038961711106821895
FruQ-DB/Fresh/Image97 (6).png,fresh,fresh,0.9958360195159912,0.0037653129547834396,0.0003985908697359264
FruQ-DB/Fresh/Image99 (5).png,fresh,fresh,0.9593806862831116,0.03831588104367256,0.002303473185747862
FruQ-DB/Mild/Image1.png,suspicious,suspicious,0.1587541401386261,0.8187299370765686,0.022515850141644478
FruQ-DB/Mild/Image111.png,suspicious,suspicious,0.0056678312830626965,0.9798431992530823,0.014489003457129002
FruQ-DB/Mild/Image113 (3).png,suspicious,suspicious,0.27708420157432556,0.7175508737564087,0.005364923272281885
FruQ-DB/Mild/Image115 (3).png,suspicious,suspicious,0.31971055269241333,0.6748939752578735,0.005395517218858004
FruQ-DB/Mild/Image1191.png,suspicious,suspicious,0.0003876420669257641,0.9994537234306335,0.0001585526333656162
FruQ-DB/Mild/Image1213.png,suspicious,suspicious,0.0002659755991771817,0.9995816349983215,0.0001524363033240661
FruQ-DB/Mild/Image1223.png,suspicious,suspicious,0.0002638332371134311,0.9995890259742737,0.00014710881805513054
FruQ-DB/Mild/Image1227.png,suspicious,suspicious,0.00025615355116315186,0.9995937943458557,0.0001499772333772853
FruQ-DB/Mild/Image1233.png,suspicious,suspicious,0.0002324869274161756,0.9996116757392883,0.00015582241758238524
FruQ-DB/Mild/Image125 (2).png,suspicious,suspicious,0.0708700567483902,0.8858109712600708,0.04331887140870094
FruQ-DB/Mild/Image125.png,suspicious,suspicious,0.004192503169178963,0.9658077359199524,0.029999863356351852
FruQ-DB/Mild/Image1263.png,suspicious,suspicious,0.00020656244305428118,0.9996331930160522,0.00016031046106945723
FruQ-DB/Mild/Image1275.png,suspicious,suspicious,0.00019977038027718663,0.9996367692947388,0.00016345325275324285
FruQ-DB/Mild/Image1281.png,suspicious,suspicious,0.00020378829503897578,0.9996504783630371,0.00014573248336091638
FruQ-DB/Mild/Image1283.png,suspicious,suspicious,0.00018772721523419023,0.9996577501296997,0.00015460130816791207
FruQ-DB/Mild/Image1291.png,suspicious,suspicious,0.00017452906467951834,0.9996721744537354,0.0001532600144855678
FruQ-DB/Mild/Image1321.png,suspicious,suspicious,0.0001644637086428702,0.9996867179870605,0.00014887716679368168
FruQ-DB/Mild/Image133 (2).png,suspicious,suspicious,0.05770392715930939,0.88100266456604,0.061293382197618484
FruQ-DB/Mild/Image1339.png,suspicious,suspicious,0.00014266684593167156,0.9997236132621765,0.00013374321861192584
FruQ-DB/Mild/Image1341.png,suspicious,suspicious,0.00012538890587165952,0.9997467398643494,0.0001279239368159324
FruQ-DB/Mild/Image135.png,suspicious,suspicious,0.0028386989142745733,0.9722729921340942,0.024888239800930023
FruQ-DB/Mild/Image1353.png,suspicious,suspicious,0.0001282695448026061,0.9997382760047913,0.00013348128413781524
FruQ-DB/Mild/Image137 (3).png,suspicious,suspicious,0.20563369989395142,0.7856996655464172,0.008666685782372952
FruQ-DB/Mild/Image141 (2).png,suspicious,suspicious,0.19620494544506073,0.7961496114730835,0.007645462639629841
FruQ-DB/Mild/Image145.png,suspicious,suspicious,0.0035828922409564257,0.9677399396896362,0.02867717109620571
FruQ-DB/Mild/Image149 (2).png,suspicious,suspicious,0.1717512607574463,0.818784773349762,0.009463963098824024
FruQ-DB/Mild/Image1619.png,suspicious,suspicious,0.009631207212805748,0.9779589176177979,0.012409896589815617
FruQ-DB/Mild/Image1621.png,suspicious,suspicious,0.010222643613815308,0.9772486090660095,0.012528754770755768
FruQ-DB/Mild/Image1623.png,suspicious,suspicious,0.009633360430598259,0.9783309698104858,0.012035742402076721
FruQ-DB/Mild/Image163.png,suspicious,suspicious,0.00591359892860055,0.9283199310302734,0.06576649099588394
FruQ-DB/Mild/Image1631.png,suspicious,suspicious,0.0108886007219553,0.9760245680809021,0.013086840510368347
FruQ-DB/Mild/Image1635.png,suspicious,suspicious,0.011875366792082787,0.9755805134773254,0.01254419144243002
FruQ-DB/Mild/Image1637.png,suspicious,suspicious,0.011631662026047707,0.9762426614761353,0.012125644832849503
FruQ-DB/Mild/Image1669.png,suspicious,suspicious,0.015016665682196617,0.9731036424636841,0.011879630386829376
FruQ-DB/Mild/Image1693.png,suspicious,suspicious,0.016676178202033043,0.9705233573913574,0.012800374999642372
FruQ-DB/Mild/Image1713.png,suspicious,suspicious,0.013772574253380299,0.972883939743042,0.013343536294996738
FruQ-DB/Mild/Image1721.png,suspicious,suspicious,0.014600453898310661,0.9731882214546204,0.012211333960294724
FruQ-DB/Mild/Image1723.png,suspicious,suspicious,0.012995468452572823,0.9749032855033875,0.012101215310394764
FruQ-DB/Mild/Image1727 (2).png,suspicious,suspicious,0.012670460157096386,0.9750133156776428,0.01231622789055109
FruQ-DB/Mild/Image1727.png,suspicious,suspicious,0.0005403767572715878,0.9994392991065979,2.0241557649569586e-05
FruQ-DB/Mild/Image173.png,suspicious,suspicious,0.004188205115497112,0.9615704417228699,0.034241341054439545
FruQ-DB/Mild/Image1739.png,suspicious,suspicious,0.0003558852768037468,0.9996278285980225,1.629517828405369e-05
FruQ-DB/Mild/Image1745 (2).png,suspicious,suspicious,0.013200757093727589,0.9731155037879944,0.013683712109923363
FruQ-DB/Mild/Image1747 (2).png,suspicious,suspicious,0.012388177216053009,0.9737539887428284,0.013857808895409107
FruQ-DB/Mild/Image1751.png,suspicious,suspicious,0.00023200993018690497,0.9997550845146179,1.2859548405685928e-05
FruQ-DB/Mild/Image1755.png,suspicious,suspicious,0.0002136892289854586,0.9997768998146057,9.36376818572171e-06
FruQ-DB/Mild/Image1771 (2).png,suspicious,suspicious,0.013952778652310371,0.9724056720733643,0.01364158559590578
FruQ-DB/Mild/Image1773 (2).png,suspicious,suspicious,0.013674021698534489,0.9722691774368286,0.014056744985282421
FruQ-DB/Mild/Image1779 (2).png,suspicious,suspicious,0.012213178910315037,0.975438117980957,0.012348673306405544
FruQ-DB/Mild/Image1781 (2).png,suspicious,suspicious,0.011815941892564297,0.9750760793685913,0.013107961975038052
FruQ-DB/Mild/Image1783 (2).png,suspicious,suspicious,0.011394528672099113,0.976104736328125,0.012500795535743237
FruQ-DB/Mild/Image1797 (2).png,suspicious,suspicious,0.010938328690826893,0.9755703806877136,0.013491260819137096
FruQ-DB/Mild/Image1807.png,suspicious,suspicious,0.00012361191329546273,0.9998730421066284,3.332846063131001e-06
FruQ-DB/Mild/Image1817.png,suspicious,suspicious,0.00012530667299870402,0.999870777130127,3.958840352424886e-06
FruQ-DB/Mild/Image1821.png,suspicious,suspicious,0.00012362592678982764,0.9998729228973389,3.447595872785314e-06
FruQ-DB/Mild/Image1831 (2).png,suspicious,suspicious,0.009912781417369843,0.9758502840995789,0.014236969873309135
FruQ-DB/Mild/Image1833.png,suspicious,suspicious,0.00012922425230499357,0.9998675584793091,3.270812840128201e-06
FruQ-DB/Mild/Image1849 (2).png,suspicious,suspicious,0.009203137829899788,0.9765990376472473,0.014197836630046368
FruQ-DB/Mild/Image185 (2).png,suspicious,suspicious,0.034156251698732376,0.9516180157661438,0.014225665479898453
FruQ-DB/Mild/Image1855 (3).png,suspicious,suspicious,0.08011769503355026,0.9169677495956421,0.002914602169767022
FruQ-DB/Mild/Image1855.png,suspicious,suspicious,0.0001410260156262666,0.9997325539588928,0.00012649185373447835
FruQ-DB/Mild/Image1857.png,suspicious,suspicious,0.00014026985445525497,0.9997311234474182,0.0001286297629121691
FruQ-DB/Mild/Image1859 (3).png,suspicious,suspicious,0.0773339718580246,0.9196910858154297,0.002974941860884428
FruQ-DB/Mild/Image1859.png,suspicious,suspicious,0.00013165334530640393,0.9997432827949524,0.00012502189201768488
FruQ-DB/Mild/Image1865.png,suspicious,suspicious,0.00012382020941004157,0.9997323155403137,0.00014384313544724137
FruQ-DB/Mild/Image1869 (2).png,suspicious,suspicious,0.008204387500882149,0.9782559275627136,0.013539707288146019
FruQ-DB/Mild/Image1869 (3).png,suspicious,suspicious,0.09463530033826828,0.9020671844482422,0.003297471208497882
FruQ-DB/Mild/Image1869.png,suspicious,suspicious,0.00011229648953303695,0.9997416138648987,0.00014615358668379486
FruQ-DB/Mild/Image187 (2).png,suspicious,suspicious,0.03419281914830208,0.9509246945381165,0.014882420189678669
FruQ-DB/Mild/Image1873 (3).png,suspicious,suspicious,0.09918063133955002,0.897843062877655,0.0029763311613351107
FruQ-DB/Mild/Image1877 (2).png,suspicious,suspicious,0.008612863719463348,0.979390025138855,0.0119971614331007
FruQ-DB/Mild/Image1885 (2).png,suspicious,suspicious,0.008661990985274315,0.9789847731590271,0.012353229336440563
FruQ-DB/Mild/Image1887 (2).png,suspicious,suspicious,0.008581245318055153,0.9786202907562256,0.012798449955880642
FruQ-DB/Mild/Image1891 (2).png,suspicious,suspicious,0.009875592775642872,0.97788006067276,0.012244419194757938
FruQ-DB/Mild/Image19 (2).png,suspicious,suspicious,0.013789198361337185,0.9818186163902283,0.004392189439386129
FruQ-DB/Mild/Image1901 (2).png,suspicious,suspicious,0.09583808481693268,0.9004859924316406,0.0036758852656930685
FruQ-DB/Mild/Image1925 (2).png,suspicious,suspicious,0.10278421640396118,0.8927918672561646,0.004423970356583595
FruQ-DB/Mild/Image1931.png,suspicious,suspicious,6.479468720499426e-05,0.9997817873954773,0.00015332989278249443
FruQ-DB/Mild/Image1949 (2).png,suspicious,suspicious,0.08108600229024887,0.9141334891319275,0.004780500661581755
FruQ-DB/Mild/Image195.png,suspicious,suspicious,0.009085346013307571,0.8858433365821838,0.10507132112979889
FruQ-DB/Mild/Image1951.png,suspicious,suspicious,7.084495882736519e-05,0.9997709393501282,0.0001582291879458353
FruQ-DB/Mild/Image1953.png,suspicious,suspicious,7.002442725934088e-05,0.9997809529304504,0.0001489880814915523
FruQ-DB/Mild/Image1957.png,suspicious,suspicious,6.985687650740147e-05,0.999775230884552,0.00015490225632674992
FruQ-DB/Mild/Image1963 (2).png,suspicious,suspicious,0.06074484437704086,0.9347496628761292,0.0045054457150399685
FruQ-DB/Mild/Image1969.png,suspicious,suspicious,7.270659989444539e-05,0.9997665286064148,0.00016081206558737904
FruQ-DB/Mild/Image1973.png,suspicious,suspicious,7.350444502662867e-05,0.9997645020484924,0.0001620059338165447
FruQ-DB/Mild/Image1981 (2).png,suspicious,suspicious,0.046801261603832245,0.9487103819847107,0.004488376900553703
FruQ-DB/Mild/Image1981.png,suspicious,suspicious,6.694914918625727e-05,0.9997729659080505,0.00016001545009203255
FruQ-DB/Mild/Image1985 (2).png,suspicious,suspicious,0.04013419523835182,0.9552215933799744,0.004644256550818682
FruQ-DB/Mild/Image2005.png,suspicious,suspicious,0.039679400622844696,0.9553962349891663,0.004924378357827663
FruQ-DB/Mild/Image2007.png,suspicious,suspicious,0.03924994543194771,0.9557213187217712,0.005028627812862396
FruQ-DB/Mild/Image2011.png,suspicious,suspicious,0.03903479874134064,0.9550782442092896,0.005886973347514868
FruQ-DB/Mild/Image2033.png,suspicious,suspicious,0.04415571689605713,0.9465292692184448,0.00931504089385271
FruQ-DB/Mild/Image2043.png,suspicious,suspicious,0.03421098738908768,0.954983651638031,0.010805413126945496
FruQ-DB/Mild/Image2045.png,suspicious,suspicious,0.03574381023645401,0.9524656534194946,0.011790466494858265
FruQ-DB/Mild/Image2047.png,suspicious,suspicious,0.03955531120300293,0.9482507109642029,0.01219396572560072
FruQ-DB/Mild/Image2061.png,suspicious,suspicious,0.028348155319690704,0.9586683511734009,0.012983441352844238
FruQ-DB/Mild/Image2075.png,suspicious,suspicious,0.019120557233691216,0.9693307876586914,0.011548593640327454
FruQ-DB/Mild/Image21 (2).png,suspicious,suspicious,0.01530215423554182,0.9795886874198914,0.0051092179492115974
FruQ-DB/Mild/Image215 (2).png,suspicious,suspicious,0.25969329476356506,0.732561469078064,0.007745345588773489
FruQ-DB/Mild/Image219 (2).png,suspicious,suspicious,0.21713906526565552,0.7768417000770569,0.006019181571900845
FruQ-DB/Mild/Image223 (2).png,suspicious,suspicious,0.18372073769569397,0.8100493550300598,0.006229905877262354
FruQ-DB/Mild/Image225.png,suspicious,suspicious,0.005046889651566744,0.7877671122550964,0.2071860432624817
FruQ-DB/Mild/Image227.png,suspicious,suspicious,0.004223992116749287,0.7676240801811218,0.22815196216106415
FruQ-DB/Mild/Image243.png,suspicious,suspicious,0.10816013813018799,0.8838467597961426,0.007993103004992008
FruQ-DB/Mild/Image247.png,suspicious,suspicious,0.08611113578081131,0.9059323072433472,0.007956530898809433
FruQ-DB/Mild/Image25 (2).png,suspicious,suspicious,0.019938070327043533,0.9742603898048401,0.0058015924878418446
FruQ-DB/Mild/Image253.png,suspicious,suspicious,0.08536023646593094,0.9054718613624573,0.009167955256998539
FruQ-DB/Mild/Image265.png,suspicious,suspicious,0.08067689836025238,0.9050748348236084,0.014248250983655453
FruQ-DB/Mild/Image2747.png,suspicious,suspicious,0.024552514776587486,0.971458911895752,0.003988585434854031
FruQ-DB/Mild/Image2761.png,suspicious,suspicious,0.015361391007900238,0.9801651239395142,0.004473484121263027
FruQ-DB/Mild/Image2785.png,suspicious,suspicious,0.011537781916558743,0.9846019744873047,0.0038601423148065805
FruQ-DB/Mild/Image2793.png,suspicious,suspicious,0.009551901370286942,0.9865304827690125,0.0039176070131361485
FruQ-DB/Mild/Image2803.png,suspicious,suspicious,0.0065187434665858746,0.9898284673690796,0.0036528739146888256
FruQ-DB/Mild/Image2805.png,suspicious,suspicious,0.006178393494337797,0.990341067314148,0.003480520797893405
FruQ-DB/Mild/Image2817.png,suspicious,suspicious,0.005359687842428684,0.9916104674339294,0.0030297948978841305
FruQ-DB/Mild/Image2831 (2).png,suspicious,suspicious,0.0037520756013691425,0.99333256483078,0.0029153998475521803
FruQ-DB/Mild/Image2839.png,suspicious,suspicious,0.03562064841389656,0.9599508047103882,0.004428558051586151
FruQ-DB/Mild/Image2843.png,suspicious,suspicious,0.039078712463378906,0.9566624164581299,0.004258942324668169
FruQ-DB/Mild/Image2847.png,suspicious,suspicious,0.035275645554065704,0.960547685623169,0.00417656684294343
FruQ-DB/Mild/Image2855 (2).png,suspicious,suspicious,0.0022289317566901445,0.9948722720146179,0.0028987769037485123
FruQ-DB/Mild/Image2863 (2).png,suspicious,suspicious,0.001400207751430571,0.9960927367210388,0.0025070332922041416
FruQ-DB/Mild/Image2865 (2).png,suspicious,suspicious,0.001467988477088511,0.9958484172821045,0.002683578757569194
FruQ-DB/Mild/Image2881 (2).png,suspicious,suspicious,0.0021331612952053547,0.9953199028968811,0.002546980045735836
FruQ-DB/Mild/Image29.png,suspicious,suspicious,0.07867970317602158,0.8981871604919434,0.02313317358493805
FruQ-DB/Mild/Image2909 (2).png,suspicious,suspicious,0.0024316718336194754,0.9950259327888489,0.002542414702475071
FruQ-DB/Mild/Image2909.png,suspicious,suspicious,0.02428610250353813,0.9701021313667297,0.005611765664070845
FruQ-DB/Mild/Image2913.png,suspicious,suspicious,0.02734469249844551,0.9673105478286743,0.005344696342945099
FruQ-DB/Mild/Image2915.png,suspicious,suspicious,0.026500798761844635,0.9683716893196106,0.005127450916916132
FruQ-DB/Mild/Image2921.png,suspicious,suspicious,0.027231307700276375,0.9678065180778503,0.004962219391018152
FruQ-DB/Mild/Image2923 (2).png,suspicious,suspicious,0.001338444766588509,0.9968385696411133,0.001823056605644524
FruQ-DB/Mild/Image2933.png,suspicious,suspicious,0.024114185944199562,0.9710182547569275,0.004867604002356529
FruQ-DB/Mild/Image2935.png,suspicious,suspicious,0.025685785338282585,0.9695523977279663,0.004761878866702318
FruQ-DB/Mild/Image2953 (2).png,suspicious,suspicious,0.001436820486560464,0.9968985319137573,0.0016646964941173792
FruQ-DB/Mild/Image2953.png,suspicious,suspicious,0.022784501314163208,0.972200870513916,0.005014665890485048
FruQ-DB/Mild/Image2957.png,suspicious,suspicious,0.02221156656742096,0.9728525876998901,0.004935979377478361
FruQ-DB/Mild/Image2975 (2).png,suspicious,suspicious,0.0014085646253079176,0.9972405433654785,0.0013508762931451201
FruQ-DB/Mild/Image2987.png,suspicious,suspicious,0.022418884560465813,0.9722164273262024,0.00536465086042881
FruQ-DB/Mild/Image2989.png,suspicious,suspicious,0.02123638242483139,0.9733672142028809,0.005396405700594187
FruQ-DB/Mild/Image2993.png,suspicious,suspicious,0.026573531329631805,0.967819094657898,0.005607383791357279
FruQ-DB/Mild/Image2999.png,suspicious,suspicious,0.025297245010733604,0.9694277048110962,0.005275016184896231
FruQ-DB/Mild/Image3.png,suspicious,suspicious,0.13772714138031006,0.836957573890686,0.02531532384455204
FruQ-DB/Mild/Image3005.png,suspicious,suspicious,0.0307793989777565,0.9637392163276672,0.005481399595737457
FruQ-DB/Mild/Image3011.png,suspicious,suspicious,0.03311505168676376,0.9614915251731873,0.005393344443291426
FruQ-DB/Mild/Image31 (2).png,suspicious,suspicious,0.01760140433907509,0.9769582152366638,0.005440288223326206
FruQ-DB/Mild/Image39.png,suspicious,suspicious,0.10979250073432922,0.8593987226486206,0.030808793380856514
FruQ-DB/Mild/Image393.png,suspicious,suspicious,0.026533326134085655,0.9667266607284546,0.006740059703588486
FruQ-DB/Mild/Image413.png,suspicious,suspicious,0.006940971128642559,0.9852487444877625,0.007810264825820923
FruQ-DB/Mild/Image421.png,suspicious,suspicious,0.003382362425327301,0.9895134568214417,0.00710421334952116
FruQ-DB/Mild/Image429.png,suspicious,suspicious,0.0033242504578083754,0.9871613383293152,0.009514274075627327
FruQ-DB/Mild/Image431.png,suspicious,suspicious,0.0018165354849770665,0.9872123599052429,0.010971039533615112
FruQ-DB/Mild/Image435.png,suspicious,suspicious,0.0025597522035241127,0.9873771071434021,0.010063141584396362
FruQ-DB/Mild/Image45.png,suspicious,suspicious,0.08041570335626602,0.8840545415878296,0.03552970290184021
FruQ-DB/Mild/Image455.png,suspicious,suspicious,0.003819698002189398,0.9757881760597229,0.020392151549458504
FruQ-DB/Mild/Image457.png,suspicious,suspicious,0.0032712873071432114,0.9781132340431213,0.018615487962961197
FruQ-DB/Mild/Image461.png,suspicious,suspicious,0.0027968306094408035,0.9817121028900146,0.015491082333028316
FruQ-DB/Mild/Image463.png,suspicious,suspicious,0.004742004908621311,0.983773946762085,0.011484087444841862
FruQ-DB/Mild/Image469.png,suspicious,suspicious,0.003225578460842371,0.9789247512817383,0.01784963347017765
FruQ-DB/Mild/Image47.png,suspicious,suspicious,0.07127943634986877,0.88716059923172,0.04155994579195976
FruQ-DB/Mild/Image489.png,suspicious,suspicious,0.005826702807098627,0.976773738861084,0.01739959418773651
FruQ-DB/Mild/Image491 (2).png,suspicious,suspicious,0.11974670737981796,0.8715055584907532,0.008747804909944534
FruQ-DB/Mild/Image497 (2).png,suspicious,suspicious,0.1250394880771637,0.8671736717224121,0.007786827627569437
FruQ-DB/Mild/Image507.png,suspicious,suspicious,0.006612787954509258,0.924077570438385,0.06930961459875107
FruQ-DB/Mild/Image55.png,suspicious,suspicious,0.01329053658992052,0.9824100732803345,0.0042993975803256035
FruQ-DB/Mild/Image561.png,suspicious,suspicious,0.09916495531797409,0.8936553001403809,0.007179680746048689
FruQ-DB/Mild/Image565.png,suspicious,suspicious,0.0957878828048706,0.8966606259346008,0.007551427464932203
FruQ-DB/Mild/Image575.png,suspicious,suspicious,0.038485389202833176,0.9505923986434937,0.010922152549028397
FruQ-DB/Mild/Image601.png,suspicious,suspicious,0.03196278586983681,0.9600017666816711,0.008035416714847088
FruQ-DB/Mild/Image609.png,suspicious,suspicious,0.025243548676371574,0.9673112034797668,0.007445226423442364
FruQ-DB/Mild/Image611.png,suspicious,suspicious,0.028141116723418236,0.9643973708152771,0.00746148731559515
FruQ-DB/Mild/Image615 (2).png,suspicious,suspicious,0.027765853330492973,0.9643837213516235,0.007850349880754948
FruQ-DB/Mild/Image617.png,suspicious,suspicious,0.28399884700775146,0.7085350155830383,0.007466120179742575
FruQ-DB/Mild/Image619 (2).png,suspicious,suspicious,0.02996821142733097,0.9626837968826294,0.00734797352924943
FruQ-DB/Mild/Image621 (2).png,suspicious,suspicious,0.02942785434424877,0.9630355834960938,0.007536580786108971
FruQ-DB/Mild/Image625 (2).png,suspicious,suspicious,0.02968207746744156,0.9625326991081238,0.007785324938595295
FruQ-DB/Mild/Image637 (2).png,suspicious,suspicious,0.026960846036672592,0.9657274484634399,0.007311701308935881
FruQ-DB/Mild/Image641.png,suspicious,suspicious,0.12811893224716187,0.8582156300544739,0.013665508478879929
FruQ-DB/Mild/Image647 (2).png,suspicious,suspicious,0.029920531436800957,0.9626970291137695,0.0073824431747198105
FruQ-DB/Mild/Image647.png,suspicious,suspicious,0.11961133033037186,0.8628556728363037,0.017532963305711746
FruQ-DB/Mild/Image649.png,suspicious,suspicious,0.12051873654127121,0.859638512134552,0.019842691719532013
FruQ-DB/Mild/Image653 (2).png,suspicious,suspicious,0.03232508897781372,0.9602617025375366,0.00741322198882699
FruQ-DB/Mild/Image661 (2).png,suspicious,suspicious,0.03159576281905174,0.9614064693450928,0.006997726392000914
FruQ-DB/Mild/Image687.png,suspicious,suspicious,0.09411343187093735,0.8732879161834717,0.03259873762726784
FruQ-DB/Mild/Image691 (2).png,suspicious,suspicious,0.02885790914297104,0.9627191424369812,0.008422899059951305
FruQ-DB/Mild/Image693 (2).png,suspicious,suspicious,0.02835407666862011,0.9633066058158875,0.008339343592524529
FruQ-DB/Mild/Image71.png,suspicious,suspicious,0.010601265355944633,0.976493239402771,0.012905466370284557
FruQ-DB/Mild/Image715.png,suspicious,suspicious,0.020496832206845284,0.9709739685058594,0.008529200218617916
FruQ-DB/Mild/Image743.png,suspicious,suspicious,0.014578756876289845,0.9752057790756226,0.010215483605861664
FruQ-DB/Mild/Image783.png,suspicious,suspicious,0.06853937357664108,0.9308256506919861,0.0006349952309392393
FruQ-DB/Mild/Image789.png,suspicious,suspicious,0.06544798612594604,0.9338840842247009,0.0006679605576209724
FruQ-DB/Mild/Image829.png,suspicious,suspicious,0.04034460708498955,0.9591902494430542,0.00046513971756212413
FruQ-DB/Mild/Image837.png,suspicious,suspicious,0.039253465831279755,0.9602675437927246,0.0004790319362655282
FruQ-DB/Mild/Image845.png,suspicious,suspicious,0.032354649156332016,0.9670978784561157,0.0005475059151649475
FruQ-DB/Mild/Image865.png,suspicious,suspicious,0.02656107395887375,0.9729107618331909,0.0005282110068947077
FruQ-DB/Mild/Image873.png,suspicious,suspicious,0.024250555783510208,0.9752510190010071,0.0004983842954970896
FruQ-DB/Mild/Image89.png,suspicious,suspicious,0.011077750474214554,0.9700798392295837,0.01884249597787857
FruQ-DB/Mild/Image891.png,suspicious,suspicious,0.01981811784207821,0.9796835780143738,0.0004983562976121902
FruQ-DB/Mild/Image9 (2).png,suspicious,suspicious,0.029082950204610825,0.9665164351463318,0.004400625824928284
FruQ-DB/Mild/Image901.png,suspicious,suspicious,0.015607109293341637,0.9840174317359924,0.0003754405479412526
FruQ-DB/Mild/Image915.png,suspicious,suspicious,0.012522974982857704,0.987151026725769,0.00032590943737886846
FruQ-DB/Mild/Image917.png,suspicious,suspicious,0.01193166058510542,0.9877304434776306,0.0003379353729542345
FruQ-DB/Mild/Image919.png,suspicious,suspicious,0.010929766111075878,0.9887489080429077,0.00032125896541401744
FruQ-DB/Mild/Image933.png,suspicious,suspicious,0.008083833381533623,0.9915834069252014,0.0003327641752548516
FruQ-DB/Mild/Image943.png,suspicious,suspicious,0.007588763255625963,0.9921040534973145,0.0003070943639613688
FruQ-DB/Mild/Image999.png,suspicious,suspicious,0.0037325869780033827,0.9959533214569092,0.00031415707780979574
FruQ-DB/Rotten/Image1 (2).png,spoiled,spoiled,0.0019158934010192752,0.10820463299751282,0.8898794651031494
FruQ-DB/Rotten/Image1003.png,spoiled,spoiled,0.004023546818643808,0.0007204186986200511,0.9952560067176819
FruQ-DB/Rotten/Image101.png,spoiled,spoiled,4.1636744185780117e-07,0.01000529807060957,0.9899943470954895
FruQ-DB/Rotten/Image1011.png,spoiled,spoiled,0.0034201510716229677,0.0008750243578106165,0.9957048296928406
FruQ-DB/Rotten/Image1017.png,spoiled,spoiled,0.003311683190986514,0.0010144690750166774,0.9956738352775574
FruQ-DB/Rotten/Image1037 (2).png,spoiled,spoiled,0.00010398017184343189,0.0854487270116806,0.9144472479820251
FruQ-DB/Rotten/Image1047.png,spoiled,spoiled,0.003596617840230465,0.0005694052088074386,0.9958339929580688
FruQ-DB/Rotten/Image105.png,spoiled,spoiled,3.052419401683437e-07,0.006475165020674467,0.9935245513916016
FruQ-DB/Rotten/Image1051 (2).png,spoiled,spoiled,8.385681576328352e-05,0.06653226166963577,0.9333838224411011
FruQ-DB/Rotten/Image1059.png,spoiled,spoiled,0.0030607781372964382,0.0005549204652197659,0.9963842630386353
FruQ-DB/Rotten/Image1063.png,spoiled,spoiled,0.004680006764829159,0.0007673328509554267,0.9945526719093323
FruQ-DB/Rotten/Image1065 (2).png,spoiled,spoiled,5.776009857072495e-05,0.049424685537815094,0.9505175352096558
FruQ-DB/Rotten/Image1067.png,spoiled,spoiled,0.004024524707347155,0.0006489322404377162,0.9953265190124512
FruQ-DB/Rotten/Image107.png,spoiled,spoiled,2.451145633131091e-07,0.0045883795246481895,0.9954113364219666
FruQ-DB/Rotten/Image1081.png,spoiled,spoiled,0.004799971356987953,0.0007080974173732102,0.9944919347763062
FruQ-DB/Rotten/Image1083 (2).png,spoiled,spoiled,5.0360860768705606e-05,0.042407192289829254,0.9575424194335938
FruQ-DB/Rotten/Image1085.png,spoiled,spoiled,0.002789180027320981,0.0005326899117790163,0.9966781139373779
FruQ-DB/Rotten/Image1087 (2).png,spoiled,spoiled,3.4276279620826244e-05,0.03570425510406494,0.9642614722251892
FruQ-DB/Rotten/Image1087.png,spoiled,spoiled,0.0025743236765265465,0.0005571636138483882,0.9968685507774353
FruQ-DB/Rotten/Image1095 (2).png,spoiled,spoiled,2.1409554392448626e-05,0.029293589293956757,0.9706849455833435
FruQ-DB/Rotten/Image1131.png,spoiled,spoiled,6.2819995036988985e-06,0.023807769641280174,0.9761859774589539
FruQ-DB/Rotten/Image1145.png,spoiled,spoiled,2.612452135508647e-06,0.018121272325515747,0.9818761944770813
FruQ-DB/Rotten/Image1157.png,spoiled,spoiled,2.2017904939275468e-06,0.01665760576725006,0.9833402037620544
FruQ-DB/Rotten/Image1179.png,spoiled,spoiled,1.5380087461380754e-06,0.01845211163163185,0.9815463423728943
FruQ-DB/Rotten/Image1181.png,spoiled,spoiled,1.4776682064621127e-06,0.019749071449041367,0.9802494049072266
FruQ-DB/Rotten/Image1185.png,spoiled,spoiled,1.3797314295516117e-06,0.018778977915644646,0.9812197089195251
FruQ-DB/Rotten/Image119 (2).png,spoiled,spoiled,4.940039616485592e-06,0.013753981329500675,0.9862411022186279
FruQ-DB/Rotten/Image1195.png,spoiled,spoiled,1.1459877669039997e-06,0.014827555976808071,0.9851712584495544
FruQ-DB/Rotten/Image1205 (2).png,spoiled,spoiled,8.037760039769637e-07,0.012825247831642628,0.9871739149093628
FruQ-DB/Rotten/Image1207.png,spoiled,spoiled,0.0054993899539113045,0.0008999580750241876,0.9936006665229797
FruQ-DB/Rotten/Image1215.png,spoiled,spoiled,0.005328954663127661,0.0008115562959574163,0.9938594698905945
FruQ-DB/Rotten/Image1217 (2).png,spoiled,spoiled,7.844934657441627e-07,0.012785693630576134,0.9872135519981384
FruQ-DB/Rotten/Image1237.png,spoiled,spoiled,0.006457089446485043,0.0009448930504731834,0.9925980567932129
FruQ-DB/Rotten/Image1239 (2).png,spoiled,spoiled,3.274116977536323e-07,0.008378291502594948,0.9916213750839233
FruQ-DB/Rotten/Image1239.png,spoiled,spoiled,0.004693083930760622,0.0007589778397232294,0.9945479035377502
FruQ-DB/Rotten/Image1247.png,spoiled,spoiled,0.0036683562211692333,0.0006095648859627545,0.9957220554351807
FruQ-DB/Rotten/Image1249.png,spoiled,spoiled,0.004935684613883495,0.000738543807528913,0.9943256974220276
FruQ-DB/Rotten/Image1263.png,spoiled,spoiled,0.005409421399235725,0.0007698771078139544,0.9938207268714905
FruQ-DB/Rotten/Image1271 (2).png,spoiled,spoiled,2.78721131508064e-07,0.007109925150871277,0.9928897619247437
FruQ-DB/Rotten/Image1279.png,spoiled,spoiled,0.009123226627707481,0.0011211149394512177,0.9897556900978088
FruQ-DB/Rotten/Image1281 (2).png,spoiled,spoiled,3.996486555024603e-07,0.006691637448966503,0.9933079481124878
FruQ-DB/Rotten/Image1285.png,spoiled,spoiled,0.006437884643673897,0.0006883448804728687,0.9928737878799438
FruQ-DB/Rotten/Image1291.png,spoiled,spoiled,0.007027012296020985,0.0010220259428024292,0.9919509887695312
FruQ-DB/Rotten/Image1293.png,spoiled,spoiled,6.306582918114145e-07,0.00622739689424634,0.9937719702720642
FruQ-DB/Rotten/Image13 (2).png,spoiled,spoiled,2.399432378297206e-05,0.08080904185771942,0.9191669225692749
FruQ-DB/Rotten/Image1303.png,spoiled,spoiled,8.714620776117954e-07,0.006449817214161158,0.9935492873191833
FruQ-DB/Rotten/Image131.png,spoiled,spoiled,3.544564037838427e-07,0.010107018984854221,0.9898925423622131
FruQ-DB/Rotten/Image1313.png,spoiled,spoiled,9.962810736396932e-07,0.0059707676991820335,0.9940282106399536
FruQ-DB/Rotten/Image1329.png,spoiled,spoiled,9.049781510839239e-07,0.006076776888221502,0.9939223527908325
FruQ-DB/Rotten/Image1335.png,spoiled,spoiled,7.762221798657265e-07,0.006001076195389032,0.9939981698989868
FruQ-DB/Rotten/Image1339.png,spoiled,spoiled,6.92965272719448e-07,0.005576731637120247,0.9944226145744324
FruQ-DB/Rotten/Image1345.png,spoiled,spoiled,6.285379186010687e-07,0.005633522290736437,0.994365930557251
FruQ-DB/Rotten/Image1369.png,spoiled,spoiled,5.626257006952073e-07,0.005944669246673584,0.9940548539161682
FruQ-DB/Rotten/Image1375.png,spoiled,spoiled,8.067124213084753e-07,0.00612618075683713,0.9938730001449585
FruQ-DB/Rotten/Image1381.png,spoiled,spoiled,6.678004638160928e-07,0.0050543830730021,0.9949449896812439
FruQ-DB/Rotten/Image1383.png,spoiled,spoiled,8.149074233188003e-07,0.005171056836843491,0.9948281645774841
FruQ-DB/Rotten/Image1387.png,spoiled,spoiled,4.0921881350186595e-07,0.004257143475115299,0.9957423806190491
FruQ-DB/Rotten/Image1421.png,spoiled,spoiled,1.4545634696716547e-09,0.00013119757932145149,0.9998687505722046
FruQ-DB/Rotten/Image1443.png,spoiled,spoiled,1.655610537554253e-09,0.00013228305033408105,0.9998676776885986
FruQ-DB/Rotten/Image145 (2).png,spoiled,spoiled,7.085812740115216e-06,0.01918105036020279,0.9808118343353271
FruQ-DB/Rotten/Image1461.png,spoiled,spoiled,3.4147140670626186e-09,0.00017312730778940022,0.9998268485069275
FruQ-DB/Rotten/Image1463.png,spoiled,spoiled,3.3342770766608965e-09,0.00018630089471116662,0.9998137354850769
FruQ-DB/Rotten/Image1469.png,spoiled,spoiled,4.1485170854116404e-09,0.00020856467017438263,0.9997914433479309
FruQ-DB/Rotten/Image1471.png,spoiled,spoiled,4.049570456743368e-09,0.00018073059618473053,0.9998193383216858
FruQ-DB/Rotten/Image1475.png,spoiled,spoiled,4.449994595034923e-09,0.00019174149201717228,0.9998082518577576
FruQ-DB/Rotten/Image151 (2).png,spoiled,spoiled,5.15204737894237e-06,0.016740204766392708,0.983254611492157
FruQ-DB/Rotten/Image151.png,spoiled,spoiled,3.4337801935180323e-07,0.005011118948459625,0.9949885010719299
FruQ-DB/Rotten/Image1521.png,spoiled,spoiled,1.6323782325855518e-09,0.0002298513863934204,0.9997701048851013
FruQ-DB/Rotten/Image153.png,spoiled,spoiled,2.9225012099232117e-07,0.004303524270653725,0.9956961870193481
FruQ-DB/Rotten/Image155.png,spoiled,spoiled,2.631853135426354e-07,0.004398524295538664,0.9956011772155762
FruQ-DB/Rotten/Image1557.png,spoiled,spoiled,1.840487762194698e-09,0.00023622882144991308,0.9997637867927551
FruQ-DB/Rotten/Image1559.png,spoiled,spoiled,1.7406884822435131e-09,0.00023053267796058208,0.9997695088386536
FruQ-DB/Rotten/Image1571.png,spoiled,spoiled,2.6975579547894313e-09,0.0002537498658057302,0.9997462630271912
FruQ-DB/Rotten/Image1581.png,spoiled,spoiled,3.4540303950336693e-09,0.0002607307687867433,0.9997392296791077
FruQ-DB/Rotten/Image1595.png,spoiled,spoiled,4.597267899697499e-09,0.00024808882153593004,0.9997518658638
FruQ-DB/Rotten/Image1605.png,spoiled,spoiled,6.5720024977622415e-09,0.0002639915910549462,0.9997360110282898
FruQ-DB/Rotten/Image1611.png,spoiled,spoiled,8.08099986926436e-09,0.0003500881139189005,0.9996498823165894
FruQ-DB/Rotten/Image1613 (2).png,spoiled,spoiled,0.0006375795346684754,0.08806299418210983,0.911299467086792
FruQ-DB/Rotten/Image1617 (2).png,spoiled,spoiled,0.0008753468282520771,0.08339785039424896,0.9157268404960632
FruQ-DB/Rotten/Image1631 (2).png,spoiled,spoiled,0.0016426027286797762,0.13622459769248962,0.8621327877044678
FruQ-DB/Rotten/Image165 (2).png,spoiled,spoiled,4.17770979765919e-06,0.017247328534722328,0.9827484488487244
FruQ-DB/Rotten/Image1663.png,spoiled,spoiled,3.8731791107693425e-09,0.00032810031552799046,0.9996719360351562
FruQ-DB/Rotten/Image167 (2).png,spoiled,spoiled,3.8098896766314283e-06,0.016931762918829918,0.9830644726753235
FruQ-DB/Rotten/Image167.png,spoiled,spoiled,2.341051299481478e-07,0.005270516499876976,0.994729220867157
FruQ-DB/Rotten/Image1673 (2).png,spoiled,spoiled,0.0016575941117480397,0.19415165483951569,0.8041907548904419
FruQ-DB/Rotten/Image1679.png,spoiled,spoiled,1.0744203748913606e-08,0.0005849748849868774,0.9994150400161743
FruQ-DB/Rotten/Image1683.png,spoiled,spoiled,1.1986640124916903e-08,0.0006271513411775231,0.9993728995323181
FruQ-DB/Rotten/Image169 (2).png,spoiled,spoiled,3.6543112855724758e-06,0.016814595088362694,0.9831817746162415
FruQ-DB/Rotten/Image1695.png,spoiled,spoiled,1.6094510613129387e-08,0.0006270392914302647,0.9993730187416077
FruQ-DB/Rotten/Image1711.png,spoiled,spoiled,1.019077089381426e-08,0.00048464551218785346,0.9995152950286865
FruQ-DB/Rotten/Image1719.png,spoiled,spoiled,9.983816440239934e-09,0.0004253131337463856,0.9995747208595276
FruQ-DB/Rotten/Image1733.png,spoiled,spoiled,8.85208617518174e-09,0.0002808868885040283,0.9997190833091736
FruQ-DB/Rotten/Image1743.png,spoiled,spoiled,1.1094059004790324e-08,0.0003696175990626216,0.999630331993103
FruQ-DB/Rotten/Image175.png,spoiled,spoiled,1.7259156948057353e-07,0.005280373618006706,0.994719386100769
FruQ-DB/Rotten/Image1769.png,spoiled,spoiled,7.039457727842091e-08,0.0006815223023295403,0.9993183612823486
FruQ-DB/Rotten/Image1797.png,spoiled,spoiled,2.8387217909653373e-08,0.00042325284448452294,0.99957674741745
FruQ-DB/Rotten/Image1809.png,spoiled,spoiled,1.448705777562509e-08,0.0003445955226197839,0.9996553659439087
FruQ-DB/Rotten/Image1823.png,spoiled,spoiled,1.92471052429255e-08,0.000501277216244489,0.999498724937439
FruQ-DB/Rotten/Image1835.png,spoiled,spoiled,1.6264074531591177e-08,0.0004043634980916977,0.999595582485199
FruQ-DB/Rotten/Image1841.png,spoiled,spoiled,2.99887794596998e-08,0.00045720001799054444,0.9995428323745728
FruQ-DB/Rotten/Image1853.png,spoiled,spoiled,7.495103915289292e-08,0.000729729188606143,0.9992701411247253
FruQ-DB/Rotten/Image1857.png,spoiled,spoiled,7.400062429496757e-08,0.000673904549330473,0.9993259906768799
FruQ-DB/Rotten/Image1863.png,spoiled,spoiled,3.4861619724324555e-07,0.0002714811998885125,0.9997281432151794
FruQ-DB/Rotten/Image1865.png,spoiled,spoiled,3.1394881716551026e-07,0.0002615884586703032,0.9997380375862122
FruQ-DB/Rotten/Image187 (2).png,spoiled,spoiled,3.0040705496503506e-06,0.01895391009747982,0.9810431003570557
FruQ-DB/Rotten/Image189.png,spoiled,spoiled,2.5000409209496866e-07,0.005564759485423565,0.9944349527359009
FruQ-DB/Rotten/Image19 (2).png,spoiled,spoiled,3.158068284392357e-05,0.07666473835706711,0.9233036637306213
FruQ-DB/Rotten/Image1905.png,spoiled,spoiled,2.68325777597056e-07,0.0005590416840277612,0.9994407296180725
FruQ-DB/Rotten/Image1909.png,spoiled,spoiled,2.591317240785429e-07,0.0005942716379649937,0.9994055032730103
FruQ-DB/Rotten/Image191.png,spoiled,spoiled,2.860083156974724e-07,0.005739013198763132,0.9942606687545776
FruQ-DB/Rotten/Image1911.png,spoiled,spoiled,2.57584332530314e-07,0.0005687399534508586,0.9994309544563293
FruQ-DB/Rotten/Image1929.png,spoiled,spoiled,1.7254924955523165e-07,0.0006147123058326542,0.9993851184844971
FruQ-DB/Rotten/Image1935.png,spoiled,spoiled,1.3780380925254576e-07,0.0006282161339186132,0.9993717074394226
FruQ-DB/Rotten/Image195.png,spoiled,spoiled,3.134572637009114e-07,0.005143516696989536,0.9948561191558838
FruQ-DB/Rotten/Image1967.png,spoiled,spoiled,9.723974869757512e-08,0.00037802671431563795,0.9996218681335449
FruQ-DB/Rotten/Image197 (2).png,spoiled,spoiled,2.22314019993064e-06,0.017227068543434143,0.9827706813812256
FruQ-DB/Rotten/Image1971.png,spoiled,spoiled,1.1554720913409255e-07,0.000382798258215189,0.9996170997619629
FruQ-DB/Rotten/Image1983.png,spoiled,spoiled,1.0376793113664462e-07,0.000383902428438887,0.9996159076690674
FruQ-DB/Rotten/Image1987.png,spoiled,spoiled,7.914324839930487e-08,0.000376987736672163,0.9996229410171509
FruQ-DB/Rotten/Image2005.png,spoiled,spoiled,6.317684153600567e-08,0.0001814274291973561,0.9998185038566589
FruQ-DB/Rotten/Image2057.png,spoiled,spoiled,4.560318700441712e-08,0.0001395476865582168,0.999860405921936
FruQ-DB/Rotten/Image2075.png,spoiled,spoiled,4.5744013021931096e-08,0.0001975687628146261,0.9998024106025696
FruQ-DB/Rotten/Image21.png,spoiled,spoiled,3.212724664081179e-07,0.07176920026540756,0.9282304644584656
FruQ-DB/Rotten/Image2109.png,spoiled,spoiled,5.803452651775842e-08,0.00020024969126097858,0.9997996687889099
FruQ-DB/Rotten/Image2113.png,spoiled,spoiled,5.2119116134008436e-08,0.00019692140631377697,0.9998030066490173
FruQ-DB/Rotten/Image2133.png,spoiled,spoiled,1.2381919134440977e-07,0.00034087777021341026,0.9996589422225952
FruQ-DB/Rotten/Image2135.png,spoiled,spoiled,1.2129574145092192e-07,0.0003408777993172407,0.9996590614318848
FruQ-DB/Rotten/Image2139.png,spoiled,spoiled,1.4762204614271468e-07,0.0003617892798501998,0.9996380805969238
FruQ-DB/Rotten/Image2163.png,spoiled,spoiled,1.9037589993331494e-07,0.0004376433789730072,0.9995622038841248
FruQ-DB/Rotten/Image2191.png,spoiled,spoiled,8.925640315737837e-08,0.00010888734686886892,0.9998910427093506
FruQ-DB/Rotten/Image2205.png,spoiled,spoiled,1.0461791788429764e-07,8.634322148282081e-05,0.9999135732650757
FruQ-DB/Rotten/Image2263.png,spoiled,spoiled,4.729676561510132e-08,0.0001208292378578335,0.9998791217803955
FruQ-DB/Rotten/Image227 (2).png,spoiled,spoiled,0.0016172095201909542,0.043550483882427216,0.9548323750495911
FruQ-DB/Rotten/Image2273.png,spoiled,spoiled,4.549416132704209e-08,0.00011269383685430512,0.999887228012085
FruQ-DB/Rotten/Image2279.png,spoiled,spoiled,6.238808936132045e-08,0.00014297381858341396,0.9998569488525391
FruQ-DB/Rotten/Image2281.png,spoiled,spoiled,6.110489891852922e-08,0.00013526644033845514,0.9998646974563599
FruQ-DB/Rotten/Image2283.png,spoiled,spoiled,6.366107641042618e-08,0.00015996025467757136,0.9998399019241333
FruQ-DB/Rotten/Image2287.png,spoiled,spoiled,5.268596936502945e-08,0.00014656510029453784,0.9998533725738525
FruQ-DB/Rotten/Image229 (2).png,spoiled,spoiled,0.0017694557318463922,0.04150427505373955,0.9567261934280396
FruQ-DB/Rotten/Image2301.png,spoiled,spoiled,4.7528192936852065e-08,0.00012248835992068052,0.9998774528503418
FruQ-DB/Rotten/Image233.png,spoiled,spoiled,0.0001877646573120728,0.15758393704891205,0.8422282934188843
FruQ-DB/Rotten/Image2341.png,spoiled,spoiled,5.219789045440848e-08,0.00017639192810747772,0.9998236298561096
FruQ-DB/Rotten/Image235.png,spoiled,spoiled,0.00017615684191696346,0.1586507111787796,0.8411731123924255
FruQ-DB/Rotten/Image2351.png,spoiled,spoiled,5.546379000520574e-08,0.00017991560162045062,0.9998200535774231
FruQ-DB/Rotten/Image2359.png,spoiled,spoiled,4.8715239842067604e-08,0.00016150112787727267,0.9998384714126587
FruQ-DB/Rotten/Image2361.png,spoiled,spoiled,4.754114968363865e-08,0.00016654965293128043,0.999833345413208
FruQ-DB/Rotten/Image237 (2).png,spoiled,spoiled,0.0011598814744502306,0.039381369948387146,0.9594587087631226
FruQ-DB/Rotten/Image2391.png,spoiled,spoiled,4.189367430740276e-08,0.00010706004104577005,0.9998928308486938
FruQ-DB/Rotten/Image245.png,spoiled,spoiled,0.00022953283041715622,0.10688485205173492,0.8928856253623962
FruQ-DB/Rotten/Image249 (4).png,spoiled,spoiled,0.001052111736498773,0.043737877160310745,0.9552100896835327
FruQ-DB/Rotten/Image249.png,spoiled,spoiled,0.00027053008670918643,0.08595908433198929,0.9137704372406006
FruQ-DB/Rotten/Image253 (4).png,spoiled,spoiled,0.0006960950559005141,0.05619430169463158,0.9431095719337463
FruQ-DB/Rotten/Image253.png,spoiled,spoiled,0.0002598400751594454,0.06387140601873398,0.9358687400817871
FruQ-DB/Rotten/Image255.png,spoiled,spoiled,0.00023987797612790018,0.06336195021867752,0.9363982081413269
FruQ-DB/Rotten/Image257.png,spoiled,spoiled,0.00018368031305726618,0.057446353137493134,0.9423699378967285
FruQ-DB/Rotten/Image263.png,spoiled,spoiled,0.00011230007658014074,0.04701462760567665,0.9528731107711792
FruQ-DB/Rotten/Image2649.png,spoiled,spoiled,0.0005535020609386265,0.04020915552973747,0.9592373371124268
FruQ-DB/Rotten/Image267.png,spoiled,spoiled,9.751018660608679e-05,0.04152617231011391,0.9583763480186462
FruQ-DB/Rotten/Image2679.png,spoiled,spoiled,0.0005570299690589309,0.027643833309412003,0.9717991352081299
FruQ-DB/Rotten/Image2681.png,spoiled,spoiled,0.0005746111273765564,0.027761241421103477,0.9716641902923584
FruQ-DB/Rotten/Image2683.png,spoiled,spoiled,0.0006072365213185549,0.028626544401049614,0.9707661867141724
FruQ-DB/Rotten/Image269 (2).png,spoiled,spoiled,0.0014169575879350305,0.1637217104434967,0.8348613381385803
FruQ-DB/Rotten/Image2719.png,spoiled,spoiled,0.0009522695327177644,0.04501331225037575,0.9540343880653381
FruQ-DB/Rotten/Image2725.png,spoiled,spoiled,0.0006608585244975984,0.0460510216653347,0.953288197517395
FruQ-DB/Rotten/Image273 (2).png,spoiled,spoiled,0.0016214436618611217,0.16025589406490326,0.8381226658821106
FruQ-DB/Rotten/Image273 (4).png,spoiled,spoiled,0.0002063153951894492,0.03161869943141937,0.9681749939918518
FruQ-DB/Rotten/Image277 (3).png,spoiled,spoiled,0.0005878013907931745,0.019723443314433098,0.9796887040138245
FruQ-DB/Rotten/Image279.png,spoiled,spoiled,0.00012630214041564614,0.038518957793712616,0.961354672908783
FruQ-DB/Rotten/Image281 (4).png,spoiled,spoiled,0.0002274159633088857,0.016094312071800232,0.9836783409118652
FruQ-DB/Rotten/Image283 (3).png,spoiled,spoiled,0.0006130558322183788,0.017664235085248947,0.9817227721214294
FruQ-DB/Rotten/Image285 (3).png,spoiled,spoiled,0.0005858909571543336,0.016104429960250854,0.9833096861839294
FruQ-DB/Rotten/Image287.png,spoiled,spoiled,5.669764868798666e-05,0.024023788049817085,0.9759195446968079
FruQ-DB/Rotten/Image29 (2).png,spoiled,spoiled,3.209416536265053e-05,0.06422464549541473,0.9357432723045349
FruQ-DB/Rotten/Image293.png,spoiled,spoiled,4.5663291530217975e-05,0.024546239525079727,0.9754080772399902
FruQ-DB/Rotten/Image3.png,spoiled,spoiled,5.930700126555166e-07,0.06714445352554321,0.9328550100326538
FruQ-DB/Rotten/Image303 (4).png,spoiled,spoiled,2.3617587430635467e-05,0.00734596885740757,0.9926303625106812
FruQ-DB/Rotten/Image305 (3).png,spoiled,spoiled,0.0009658339549787343,0.009419235400855541,0.9896149635314941
FruQ-DB/Rotten/Image307.png,spoiled,spoiled,2.659070560184773e-05,0.014220375567674637,0.9857529997825623
FruQ-DB/Rotten/Image311 (2).png,spoiled,spoiled,0.004887410905212164,0.1923394501209259,0.802773118019104
FruQ-DB/Rotten/Image311 (4).png,spoiled,spoiled,2.7329235308570787e-05,0.006317708641290665,0.9936549663543701
FruQ-DB/Rotten/Image315 (3).png,spoiled,spoiled,0.0009369938634335995,0.009833701886236668,0.9892292618751526
FruQ-DB/Rotten/Image319 (3).png,spoiled,spoiled,0.0008891948382370174,0.010126675479114056,0.9889841675758362
FruQ-DB/Rotten/Image319 (4).png,spoiled,spoiled,9.843479347182438e-06,0.002167356899008155,0.9978227615356445
FruQ-DB/Rotten/Image325 (2).png,spoiled,spoiled,0.004486139863729477,0.15184469521045685,0.8436691164970398
FruQ-DB/Rotten/Image325.png,spoiled,spoiled,6.7382370616542175e-06,0.006651762407273054,0.9933415055274963
FruQ-DB/Rotten/Image331 (3).png,spoiled,spoiled,0.0005052687483839691,0.007616663351655006,0.9918780326843262
FruQ-DB/Rotten/Image331.png,spoiled,spoiled,3.4135362056986196e-06,0.0037972338031977415,0.9961993098258972
FruQ-DB/Rotten/Image335 (4).png,spoiled,spoiled,1.8512407677917508e-06,0.0009388492326252162,0.99905925989151
FruQ-DB/Rotten/Image339 (4).png,spoiled,spoiled,4.763392553286394e-06,0.001270864624530077,0.9987244009971619
FruQ-DB/Rotten/Image343 (4).png,spoiled,spoiled,7.255098807945615e-06,0.0019944808445870876,0.9979982972145081
FruQ-DB/Rotten/Image347 (3).png,spoiled,spoiled,0.0008718700846657157,0.006896564271301031,0.9922314882278442
FruQ-DB/Rotten/Image361 (2).png,spoiled,spoiled,0.0038586477749049664,0.07152857631444931,0.924612820148468
FruQ-DB/Rotten/Image367 (2).png,spoiled,spoiled,0.0026006128173321486,0.04724350944161415,0.9501559138298035
FruQ-DB/Rotten/Image3715.png,spoiled,spoiled,0.0004545125993900001,0.018348107114434242,0.9811974167823792
FruQ-DB/Rotten/Image3717.png,spoiled,spoiled,0.0004791569372173399,0.013639625161886215,0.9858812093734741
FruQ-DB/Rotten/Image3719.png,spoiled,spoiled,0.00044401694322004914,0.013880474492907524,0.9856755137443542
FruQ-DB/Rotten/Image3737.png,spoiled,spoiled,0.0004597233491949737,0.012980567291378975,0.9865597486495972
FruQ-DB/Rotten/Image3741.png,spoiled,spoiled,0.00042072928044945,0.014924566261470318,0.9846546649932861
FruQ-DB/Rotten/Image3745.png,spoiled,spoiled,0.00042405794374644756,0.012096120975911617,0.9874798655509949
FruQ-DB/Rotten/Image375 (3).png,spoiled,spoiled,5.058619717601687e-05,0.0838903933763504,0.9160590171813965
FruQ-DB/Rotten/Image3765.png,spoiled,spoiled,0.0004787671787198633,0.016995863988995552,0.9825253486633301
FruQ-DB/Rotten/Image3767.png,spoiled,spoiled,0.00051312759751454,0.018208853900432587,0.9812780022621155
FruQ-DB/Rotten/Image3787.png,spoiled,spoiled,0.00016023515490815043,0.0084025664255023,0.9914372563362122
FruQ-DB/Rotten/Image3813.png,spoiled,spoiled,0.000106089748442173,0.004805621691048145,0.9950882792472839
FruQ-DB/Rotten/Image3819.png,spoiled,spoiled,0.0001385255454806611,0.006669428199529648,0.9931920170783997
FruQ-DB/Rotten/Image3825.png,spoiled,spoiled,0.0001165181674878113,0.006184148136526346,0.993699312210083
FruQ-DB/Rotten/Image383.png,spoiled,spoiled,9.848336048889905e-06,0.004325930494815111,0.9956641793251038
FruQ-DB/Rotten/Image3843.png,spoiled,spoiled,8.267760858871043e-05,0.007530367001891136,0.9923869371414185
FruQ-DB/Rotten/Image3857.png,spoiled,spoiled,6.530758400913328e-05,0.009760738350450993,0.9901739358901978
FruQ-DB/Rotten/Image3859.png,spoiled,spoiled,6.006393232382834e-05,0.01042518112808466,0.9895147085189819
FruQ-DB/Rotten/Image3861.png,spoiled,spoiled,4.3139447370776907e-05,0.0030539557337760925,0.9969028830528259
FruQ-DB/Rotten/Image3863.png,spoiled,spoiled,8.625581540400162e-05,0.004215754568576813,0.9956979751586914
FruQ-DB/Rotten/Image3869.png,spoiled,spoiled,6.650779687333852e-05,0.004521264228969812,0.995412290096283
FruQ-DB/Rotten/Image3891.png,spoiled,spoiled,4.781482130056247e-05,0.00277051143348217,0.9971816539764404
FruQ-DB/Rotten/Image391 (2).png,spoiled,spoiled,0.0015760419191792607,0.014093496836721897,0.9843304753303528
FruQ-DB/Rotten/Image3917.png,spoiled,spoiled,4.184657154837623e-05,0.0012235648464411497,0.9987346529960632
FruQ-DB/Rotten/Image3919.png,spoiled,spoiled,4.3762735003838316e-05,0.0011942306300625205,0.9987620115280151
FruQ-DB/Rotten/Image3937.png,spoiled,spoiled,6.037706043571234e-05,0.0016322988085448742,0.9983073472976685
FruQ-DB/Rotten/Image3939.png,spoiled,spoiled,6.777431553928182e-05,0.001593246590346098,0.9983389377593994
FruQ-DB/Rotten/Image3941.png,spoiled,spoiled,6.373798532877117e-05,0.0014280955074355006,0.9985081553459167
FruQ-DB/Rotten/Image3951.png,spoiled,spoiled,6.166555976960808e-05,0.0018707779236137867,0.9980675578117371
FruQ-DB/Rotten/Image397 (2).png,spoiled,spoiled,0.0010950783034786582,0.012131351977586746,0.9867734909057617
FruQ-DB/Rotten/Image397 (3).png,spoiled,spoiled,6.222381671250332e-06,0.019585877656936646,0.9804078936576843
FruQ-DB/Rotten/Image3977.png,spoiled,spoiled,6.426285108318552e-05,0.0012796006631106138,0.998656153678894
FruQ-DB/Rotten/Image399.png,spoiled,spoiled,9.40539212024305e-06,0.0028560941573232412,0.9971344470977783
FruQ-DB/Rotten/Image3993.png,spoiled,spoiled,5.854871778865345e-05,0.0010262312134727836,0.9989151954650879
FruQ-DB/Rotten/Image3995.png,spoiled,spoiled,5.359902206691913e-05,0.0010378295555710793,0.998908519744873
FruQ-DB/Rotten/Image4003.png,spoiled,spoiled,6.043029861757532e-05,0.0008205425692722201,0.999118983745575
FruQ-DB/Rotten/Image4005.png,spoiled,spoiled,6.921131716808304e-05,0.0008201457094401121,0.9991106390953064
FruQ-DB/Rotten/Image401.png,spoiled,spoiled,1.213464292959543e-05,0.0033188301604241133,0.9966689944267273
FruQ-DB/Rotten/Image4011.png,spoiled,spoiled,7.052170985843986e-05,0.0009737246436998248,0.9989557266235352
FruQ-DB/Rotten/Image4013.png,spoiled,spoiled,6.812358333263546e-05,0.0009750006720423698,0.9989569187164307
FruQ-DB/Rotten/Image4037.png,spoiled,spoiled,4.243270086590201e-05,0.0009359972900711,0.9990215301513672
FruQ-DB/Rotten/Image409 (2).png,spoiled,spoiled,0.00037703238194808364,0.008146390318870544,0.9914765954017639
FruQ-DB/Rotten/Image409 (3).png,spoiled,spoiled,5.044790214014938e-06,0.010465902276337147,0.9895290732383728
FruQ-DB/Rotten/Image411.png,spoiled,spoiled,1.90810278581921e-05,0.00739817600697279,0.9925827980041504
FruQ-DB/Rotten/Image4161.png,spoiled,spoiled,0.005679715424776077,0.038867466151714325,0.9554527997970581
FruQ-DB/Rotten/Image417 (2).png,spoiled,spoiled,0.00043727888260036707,0.006401673424988985,0.9931610822677612
FruQ-DB/Rotten/Image4171.png,spoiled,spoiled,0.0054015424102544785,0.03119255043566227,0.9634058475494385
FruQ-DB/Rotten/Image4187.png,spoiled,spoiled,0.0036256073508411646,0.04865267500281334,0.9477217197418213
FruQ-DB/Rotten/Image419 (2).png,spoiled,spoiled,0.0004407388623803854,0.006249334663152695,0.9933099746704102
FruQ-DB/Rotten/Image4197.png,spoiled,spoiled,0.0033912942744791508,0.02565438486635685,0.9709542989730835
FruQ-DB/Rotten/Image4203.png,spoiled,spoiled,0.002121092053130269,0.02416905388236046,0.9737098813056946
FruQ-DB/Rotten/Image4205.png,spoiled,spoiled,0.0020653565879911184,0.033123623579740524,0.9648109674453735
FruQ-DB/Rotten/Image4217.png,spoiled,spoiled,0.0014055724022909999,0.028725309297442436,0.969869077205658
FruQ-DB/Rotten/Image4229.png,spoiled,spoiled,0.002347005298361182,0.03677378594875336,0.9608792066574097
FruQ-DB/Rotten/Image4241.png,spoiled,spoiled,0.0027593993581831455,0.021158067509531975,0.9760825037956238
FruQ-DB/Rotten/Image4249.png,spoiled,spoiled,0.001351657323539257,0.020810820162296295,0.9778375029563904
FruQ-DB/Rotten/Image425.png,spoiled,spoiled,3.449311407166533e-05,0.008399439975619316,0.9915660619735718
FruQ-DB/Rotten/Image4257.png,spoiled,spoiled,0.0005544672603718936,0.012481851503252983,0.98696368932724
FruQ-DB/Rotten/Image4261.png,spoiled,spoiled,0.0007266916800290346,0.013250394724309444,0.98602294921875
FruQ-DB/Rotten/Image4263.png,spoiled,spoiled,0.0008558795088902116,0.014895277097821236,0.9842488169670105
FruQ-DB/Rotten/Image4269.png,spoiled,spoiled,0.0009417375549674034,0.015742208808660507,0.9833160042762756
FruQ-DB/Rotten/Image427.png,spoiled,spoiled,3.0099714422249235e-05,0.007938705384731293,0.9920312166213989
FruQ-DB/Rotten/Image429 (3).png,spoiled,spoiled,2.536395641072886e-06,0.004519984591752291,0.9954774975776672
FruQ-DB/Rotten/Image4293.png,spoiled,spoiled,0.0005191176314838231,0.017483176663517952,0.9819976687431335
FruQ-DB/Rotten/Image4295.png,spoiled,spoiled,0.0007329748477786779,0.020505186170339584,0.9787619113922119
FruQ-DB/Rotten/Image4297.png,spoiled,spoiled,0.0007105144904926419,0.02538534626364708,0.9739040732383728
FruQ-DB/Rotten/Image43 (2).png,spoiled,spoiled,1.0933924386336002e-05,0.029374880716204643,0.9706141948699951
FruQ-DB/Rotten/Image4309.png,spoiled,spoiled,0.0006209320854395628,0.029369158670306206,0.9700099229812622
FruQ-DB/Rotten/Image431 (2).png,spoiled,spoiled,0.0002373142633587122,0.003155570011585951,0.9966071844100952
FruQ-DB/Rotten/Image431 (3).png,spoiled,spoiled,3.652569375844905e-06,0.006278579123318195,0.9937177896499634
FruQ-DB/Rotten/Image4337.png,spoiled,spoiled,0.0005767482798546553,0.01596997305750847,0.9834533333778381
FruQ-DB/Rotten/Image4343.png,spoiled,spoiled,0.0004886363167315722,0.014118625782430172,0.9853927493095398
FruQ-DB/Rotten/Image4393.png,spoiled,spoiled,0.00012489798245951533,0.01082016434520483,0.9890549182891846
FruQ-DB/Rotten/Image4429.png,spoiled,spoiled,1.897951733553782e-05,0.0022822017781436443,0.9976988434791565
FruQ-DB/Rotten/Image4435.png,spoiled,spoiled,1.4914117855369113e-05,0.0015338198281824589,0.9984512329101562
FruQ-DB/Rotten/Image45 (2).png,spoiled,spoiled,1.0428690984554123e-05,0.026642384007573128,0.9733471870422363
FruQ-DB/Rotten/Image459 (2).png,spoiled,spoiled,6.495242814708035e-07,0.004123231861740351,0.995876133441925
FruQ-DB/Rotten/Image463 (2).png,spoiled,spoiled,9.383898600390239e-07,0.004041588399559259,0.9959574341773987
FruQ-DB/Rotten/Image485.png,spoiled,spoiled,1.8418446416035295e-05,0.012957310304045677,0.9870243072509766
FruQ-DB/Rotten/Image553.png,spoiled,suspicious,0.04074236750602722,0.49020916223526,0.46904847025871277
FruQ-DB/Rotten/Image559.png,spoiled,spoiled,0.05009084567427635,0.40900614857673645,0.5409029722213745
FruQ-DB/Rotten/Image569.png,spoiled,spoiled,0.04722769558429718,0.16518564522266388,0.7875866889953613
FruQ-DB/Rotten/Image577.png,spoiled,spoiled,0.03933185711503029,0.10212927311658859,0.8585388660430908
FruQ-DB/Rotten/Image581.png,spoiled,spoiled,0.042437635362148285,0.09007459878921509,0.8674877285957336
FruQ-DB/Rotten/Image59 (2).png,spoiled,spoiled,4.483185421122471e-06,0.01910601742565632,0.9808894991874695
FruQ-DB/Rotten/Image597.png,spoiled,spoiled,0.043128855526447296,0.04594282805919647,0.9109283685684204
FruQ-DB/Rotten/Image61.png,spoiled,spoiled,2.1817524498146668e-07,0.022046513855457306,0.9779532551765442
FruQ-DB/Rotten/Image619.png,spoiled,spoiled,0.03766254708170891,0.027561690658330917,0.9347758293151855
FruQ-DB/Rotten/Image625.png,spoiled,spoiled,0.04962041601538658,0.03403828665614128,0.9163413047790527
FruQ-DB/Rotten/Image629.png,spoiled,spoiled,0.029846007004380226,0.02670457772910595,0.9434494376182556
FruQ-DB/Rotten/Image631.png,spoiled,spoiled,0.03617417439818382,0.03595426306128502,0.9278715252876282
FruQ-DB/Rotten/Image697.png,spoiled,spoiled,0.02983424812555313,0.005987443961203098,0.9641783237457275
FruQ-DB/Rotten/Image699.png,spoiled,spoiled,0.03321478143334389,0.0059264483861625195,0.9608587026596069
FruQ-DB/Rotten/Image7.png,spoiled,spoiled,5.132841351951356e-07,0.11866410821676254,0.8813353180885315
FruQ-DB/Rotten/Image707.png,spoiled,spoiled,0.02566109038889408,0.005217602010816336,0.9691212773323059
FruQ-DB/Rotten/Image719.png,spoiled,spoiled,0.013956842944025993,0.003864521626383066,0.9821786284446716
FruQ-DB/Rotten/Image721.png,spoiled,spoiled,0.015470417216420174,0.003935770131647587,0.980593740940094
FruQ-DB/Rotten/Image727.png,spoiled,spoiled,0.027790028601884842,0.004308768548071384,0.9679011702537537
FruQ-DB/Rotten/Image73.png,spoiled,spoiled,2.1682723172489204e-07,0.017592117190361023,0.9824076294898987
FruQ-DB/Rotten/Image735.png,spoiled,spoiled,0.030655113980174065,0.004245000425726175,0.9650999307632446
FruQ-DB/Rotten/Image741.png,spoiled,spoiled,0.023616589605808258,0.0032230240758508444,0.973160445690155
FruQ-DB/Rotten/Image745.png,spoiled,spoiled,0.02266898937523365,0.002984946593642235,0.9743460416793823
FruQ-DB/Rotten/Image747.png,spoiled,spoiled,0.02654917910695076,0.002474722219631076,0.9709760546684265
FruQ-DB/Rotten/Image761.png,spoiled,spoiled,0.00535168219357729,0.0013960570795461535,0.9932522177696228
FruQ-DB/Rotten/Image773.png,spoiled,spoiled,0.005174302030354738,0.0015395762166008353,0.9932860732078552
FruQ-DB/Rotten/Image777.png,spoiled,spoiled,0.004563159309327602,0.0012880670838057995,0.9941487312316895
FruQ-DB/Rotten/Image799.png,spoiled,spoiled,0.004519402980804443,0.0013146206038072705,0.9941658973693848
FruQ-DB/Rotten/Image81.png,spoiled,spoiled,2.802089511533268e-07,0.038107194006443024,0.9618925452232361
FruQ-DB/Rotten/Image819.png,spoiled,spoiled,0.006262393202632666,0.0010599594097584486,0.9926776885986328
FruQ-DB/Rotten/Image839.png,spoiled,spoiled,0.006178309675306082,0.0007996466592885554,0.9930220246315002
FruQ-DB/Rotten/Image87.png,spoiled,spoiled,3.7782174899803067e-07,0.05183994024991989,0.9481596946716309
FruQ-DB/Rotten/Image873.png,spoiled,spoiled,0.0051865424029529095,0.0008337435428984463,0.9939796924591064
FruQ-DB/Rotten/Image879.png,spoiled,spoiled,0.006484115496277809,0.0009858021512627602,0.9925300478935242
FruQ-DB/Rotten/Image89.png,spoiled,spoiled,3.9993201994548144e-07,0.04340524226427078,0.9565942883491516
FruQ-DB/Rotten/Image899.png,spoiled,spoiled,0.006907446775585413,0.0009514788398519158,0.9921410083770752
FruQ-DB/Rotten/Image9 (2).png,spoiled,spoiled,2.230300560768228e-05,0.08022725582122803,0.919750452041626
FruQ-DB/Rotten/Image911.png,spoiled,spoiled,0.01043480634689331,0.0014163118321448565,0.9881488680839539
FruQ-DB/Rotten/Image921.png,spoiled,spoiled,0.00664930185303092,0.0010075727477669716,0.9923431277275085
FruQ-DB/Rotten/Image949.png,spoiled,spoiled,0.005024581681936979,0.0009256672346964478,0.9940497875213623
FruQ-DB/Rotten/Image965.png,spoiled,spoiled,0.006824358366429806,0.0006452893139794469,0.9925302863121033
FruQ-DB/Rotten/Image971.png,spoiled,spoiled,0.005322359036654234,0.0006978666642680764,0.993979811668396
FruQ-DB/Rotten/Image981.png,spoiled,spoiled,0.005511329974979162,0.0008789358544163406,0.9936097860336304
FruQ-DB/Rotten/Image985.png,spoiled,spoiled,0.005060641560703516,0.0008020051755011082,0.9941374063491821
FruQ-DB/Rotten/Image993.png,spoiled,spoiled,0.00406718859449029,0.0010177891235798597,0.9949150085449219
