filename,truth,prediction,fresh,half_fresh,spoiled
HALF-FRESH-8-_JPG.rf.5bf1ec7ab3a5bca8b3a01bbd330ff733.jpg,suspicious,fresh,0.5356742739677429,0.4107806086540222,0.05354509502649307
FRESH-91-_JPG.rf.5ce4d7d669bae2d26735e4edf0a1708f.jpg,fresh,fresh,0.5269562602043152,0.2705993950366974,0.20244427025318146
FRESH-408-_JPG.rf.5ead7613098bae61f4a33fab108464e6.jpg,fresh,fresh,0.6616063714027405,0.26762446761131287,0.07076918333768845
FRESH-344-_JPG.rf.5e8ec1875092af8f909b876ee314d536.jpg,fresh,fresh,0.6619070768356323,0.22641649842262268,0.11167645454406738
HALF-FRESH-919-_JPG.rf.5f00a599bb9c9b7694db119eefa7d96e.jpg,suspicious,suspicious,0.11119908094406128,0.6642841100692749,0.2245168387889862
HALF-FRESH-374-_JPG.rf.5ff7944f6e027a534af2bad036547f59.jpg,suspicious,suspicious,0.08494369685649872,0.8589866757392883,0.056069549173116684
SPOILED-333-_JPG.rf.5fb3c53129b3d88d759f174b57848858.jpg,spoiled,spoiled,0.03060220554471016,0.11791782081127167,0.8514800071716309
SPOILED-353-_JPG.rf.5d4b9a9ad1386320d6e2dc46abdf47ab.jpg,spoiled,spoiled,0.10504265129566193,0.17652766406536102,0.718429684638977
HALF-FRESH-980-_JPG.rf.5dcc7428c48f145f869c9c53197bf48a.jpg,suspicious,suspicious,0.37995287775993347,0.5447168350219727,0.07533026486635208
SPOILED-646-_JPG.rf.5d1fd109686f21a3a4b1bd5ed67e69f0.jpg,spoiled,spoiled,0.013135846704244614,0.05261017754673958,0.9342539310455322
FRESH-830-_JPG.rf.5eb5c5cac2db2c7a61fde58ce84bf349.jpg,fresh,fresh,0.6556783318519592,0.2742070257663727,0.07011468708515167
FRESH-635-_JPG.rf.5d4e539ef4acdbe29a56fbaf8f24dabd.jpg,fresh,fresh,0.5258638858795166,0.41338157653808594,0.06075451523065567
HALF-FRESH-183-_JPG.rf.61501aa5221f1fecf20da01114be40f0.jpg,suspicious,suspicious,0.27343493700027466,0.5769466161727905,0.1496185064315796
FRESH-879-_JPG.rf.613139d59fe0ca90eda6cba3526d8f17.jpg,fresh,fresh,0.6514086723327637,0.3289475440979004,0.01964380405843258
HALF-FRESH-70-_JPG.rf.6181824be8ba849ef24c0e285ce28e70.jpg,suspicious,suspicious,0.20501510798931122,0.7520814538002014,0.04290342330932617
SPOILED-3-_JPG.rf.61ddb6d24fa910f849334bc4032b2be2.jpg,spoiled,spoiled,0.0350802056491375,0.1008940190076828,0.8640258312225342
HALF-FRESH-936-_JPG.rf.653c51c901397101f447178030feefb3.jpg,suspicious,suspicious,0.15740099549293518,0.6449546217918396,0.1976444274187088
SPOILED-1023-_JPG.rf.67036b231530fcca8b6c939d9059d4eb.jpg,spoiled,spoiled,0.03854144364595413,0.045068442821502686,0.9163901805877686
FRESH-727-_JPG.rf.66087745e36ed507575d58443a2d590b.jpg,fresh,fresh,0.7179188132286072,0.2331816703081131,0.048899490386247635
FRESH-152-_JPG.rf.6a4b7dcff0bcfdf40da0f59cde7b6072.jpg,fresh,fresh,0.5041840672492981,0.28677594661712646,0.2090400755405426
HALF-FRESH-142-_JPG.rf.66c3a71e9719b90f1c1a2a5ac90c8310.jpg,suspicious,suspicious,0.35541531443595886,0.3606327176094055,0.28395190834999084
FRESH-34-_JPG.rf.6329d8993a0f99785931f87dbef162f2.jpg,fresh,fresh,0.5053151845932007,0.3188380300998688,0.17584681510925293
SPOILED-732-_JPG.rf.6439f0ba31be467c65635d23f883f03a.jpg,spoiled,spoiled,0.029323602095246315,0.08062081784009933,0.8900555372238159
FRESH-38-_JPG.rf.6b00df26f83f372e3fd2e57a7701ee3b.jpg,fresh,fresh,0.4790538251399994,0.27237406373023987,0.24857214093208313
FRESH-28-_JPG.rf.6b6db250e3fcc4f7ff20773b6adbe22a.jpg,fresh,fresh,0.5934373736381531,0.2510782778263092,0.15548433363437653
HALF-FRESH-88-_JPG.rf.6bc90e3c1e033f4eabffaeae4600dce5.jpg,suspicious,suspicious,0.38737574219703674,0.5008480548858643,0.11177625507116318
SPOILED-759-_JPG.rf.6c1948e459994c69080e2c2137eb0317.jpg,spoiled,spoiled,0.05316555127501488,0.10580794513225555,0.8410265445709229
SPOILED-1037-_JPG.rf.6d97cea6bae1c64662be7d0ad760670e.jpg,spoiled,spoiled,0.05514739453792572,0.1361873745918274,0.8086652159690857
SPOILED-238-_JPG.rf.6dbbd7f7812978644c959b17a15725fd.jpg,spoiled,spoiled,0.013069315813481808,0.06168395280838013,0.9252467155456543
HALF-FRESH-959-_JPG.rf.6defca0803abf522bf3b82127d583ab4.jpg,suspicious,suspicious,0.3964006006717682,0.41217511892318726,0.19142423570156097
SPOILED-257-_JPG.rf.6ea24de306cbe889c9e5b5bca3d17ca5.jpg,spoiled,spoiled,0.16857761144638062,0.17307674884796143,0.658345639705658
HALF-FRESH-962-_JPG.rf.6ea9c16ce0da4f12802e7e9c996e94b0.jpg,suspicious,suspicious,0.10223959386348724,0.5101050138473511,0.3876554071903229
HALF-FRESH-639-_JPG.rf.6edf82f6d787a7ccf9e6bdc0020e6390.jpg,suspicious,fresh,0.5319960117340088,0.3364613354206085,0.13154271245002747
HALF-FRESH-422-_JPG.rf.6f55c886d9686193270736ee499e66f9.jpg,suspicious,spoiled,0.02027425915002823,0.2273893654346466,0.7523363828659058
SPOILED-399-_JPG.rf.705b27583184624d288918de45ce61e3.jpg,spoiled,spoiled,0.023189347237348557,0.061638809740543365,0.9151718616485596
HALF-FRESH-711-_JPG.rf.709b471850de5bc5cf610c9c359315e8.jpg,suspicious,spoiled,0.15625418722629547,0.4101220965385437,0.43362367153167725
SPOILED-383-_JPG.rf.70c3481429a2e0dbca91715932cc2138.jpg,spoiled,spoiled,0.1569521576166153,0.24988409876823425,0.593163788318634
HALF-FRESH-228-_JPG.rf.70d2e670faccff8efa30889be1ac303c.jpg,suspicious,suspicious,0.242280513048172,0.6849345564842224,0.0727849155664444
FRESH-84-_JPG.rf.72393a8d6c936dc52bac0e3fa5647de1.jpg,fresh,fresh,0.5879250168800354,0.24668319523334503,0.16539183259010315
FRESH-537-_JPG.rf.72ff155d2eec2f2d9b0e63caa8cd3b20.jpg,fresh,fresh,0.6221258640289307,0.2433098554611206,0.13456429541110992
HALF-FRESH-963-_JPG.rf.7304bc0b2743459cf081c81b6956afa1.jpg,suspicious,suspicious,0.1589755266904831,0.4487662613391876,0.3922581970691681
FRESH-371-_JPG.rf.7321fe6daf5785ba95055acd3f926a24.jpg,fresh,fresh,0.4095802903175354,0.3179748058319092,0.2724449038505554
HALF-FRESH-402-_JPG.rf.739bb0cf15fc5d01a5bd6bb01eef4ec7.jpg,suspicious,suspicious,0.254713237285614,0.6503557562828064,0.09493102878332138
FRESH-750-_JPG.rf.7433a56b6b7effce765c1a1673a193b7.jpg,fresh,fresh,0.6442537307739258,0.32289111614227295,0.03285514563322067
SPOILED-329-_JPG.rf.62fc50c1ac1db9a5607c1c60c84fe1c1.jpg,spoiled,spoiled,0.004086622502654791,0.039124440401792526,0.956788957118988
HALF-FRESH-297-_JPG.rf.7437628b451bcabfc13c91d594fd2c78.jpg,suspicious,spoiled,0.09021426737308502,0.34166696667671204,0.5681187510490417
FRESH-794-_JPG.rf.75b084c453dfccc5556283229f809024.jpg,fresh,fresh,0.7601062059402466,0.1287056803703308,0.1111881211400032
FRESH-639-_JPG.rf.75b0a226151def4df6f6f436b6de93b7.jpg,fresh,fresh,0.730689287185669,0.20682018995285034,0.062490567564964294
SPOILED-491-_JPG.rf.75f4d5b978158140e60591bcf8a528ab.jpg,spoiled,spoiled,0.03609852492809296,0.0543488971889019,0.9095525741577148
SPOILED-438-_JPG.rf.76996c330be190456e42bab9f0d9ce6e.jpg,spoiled,spoiled,0.01942610554397106,0.0944686233997345,0.8861052989959717
FRESH-559-_JPG.rf.779bed2e73908f371a4e8867837d6652.jpg,fresh,fresh,0.9045538306236267,0.09316925704479218,0.0022768178023397923
FRESH-689-_JPG.rf.78d77d63de4037561aa92b0d335add34.jpg,fresh,fresh,0.6448883414268494,0.2197255641222,0.1353861391544342
HALF-FRESH-6-_JPG.rf.78e0655f10339abfdce59e13d641bfa8.jpg,suspicious,fresh,0.4442976117134094,0.43608811497688293,0.11961431801319122
SPOILED-230-_JPG.rf.796339e7b787db3b8ff8a5bea55421d2.jpg,spoiled,spoiled,0.07349712401628494,0.18318097293376923,0.7433218359947205
FRESH-174-_JPG.rf.7a6b44877bd3c287f8eff0b39cbaa482.jpg,fresh,fresh,0.7190155982971191,0.2459704577922821,0.03501402586698532
HALF-FRESH-948-_JPG.rf.79c4417452989a48f5a6b78872f2ae44.jpg,suspicious,suspicious,0.42513009905815125,0.522649347782135,0.05222049355506897
FRESH-300-_JPG.rf.7c48884c849e5d98363489b1715bc375.jpg,fresh,fresh,0.6318619847297668,0.269143670797348,0.09899430721998215
HALF-FRESH-546-_JPG.rf.7c76b0571c24e58ced93111f51fda467.jpg,suspicious,suspicious,0.4328700602054596,0.45773473381996155,0.1093951165676117
FRESH-975-_JPG.rf.7e7c3ffa473ac0bba4edbc271c3f658d.jpg,fresh,fresh,0.6760551333427429,0.22727350890636444,0.09667128324508667
HALF-FRESH-408-_JPG.rf.7ebae17ded47ea553eacea61cb816c3e.jpg,suspicious,suspicious,0.25941532850265503,0.6907663345336914,0.04981840029358864
FRESH-52-_JPG.rf.7ee7bf350b380ff7d320c2014d5361a7.jpg,fresh,suspicious,0.412499338388443,0.4767501652240753,0.11075041443109512
HALF-FRESH-615-_JPG.rf.7f87da82e647d86e5f6e150dc041e511.jpg,suspicious,fresh,0.40492215752601624,0.3570677638053894,0.23801006376743317
FRESH-589-_JPG.rf.811f23b7b3db3db91d2ac4649a2d7a97.jpg,fresh,fresh,0.7207002639770508,0.2606644332408905,0.018635278567671776
SPOILED-312-_JPG.rf.823d9576322be54edf007574563e9ad9.jpg,spoiled,spoiled,0.0453914999961853,0.1968967765569687,0.7577117085456848
SPOILED-380-_JPG.rf.81cb9eaa04849eedd7156d23b5f29382.jpg,spoiled,spoiled,0.07732545584440231,0.046222854405641556,0.8764516115188599
FRESH-404-_JPG.rf.83dacfaa38409438c87e6778819235d0.jpg,fresh,fresh,0.6122379302978516,0.29688259959220886,0.09087946265935898
SPOILED-726-_JPG.rf.84dacc087202efc5f2c8cd50b7d47974.jpg,spoiled,spoiled,0.04413121938705444,0.10238129645586014,0.8534875512123108
SPOILED-346-_JPG.rf.84dcdd0d78459de103679fc4072923b9.jpg,spoiled,spoiled,0.009588934481143951,0.0519268661737442,0.9384841918945312
HALF-FRESH-62-_JPG.rf.856ff9c98659916444a3a8d469215445.jpg,suspicious,suspicious,0.28017112612724304,0.5175711512565613,0.20225770771503448
FRESH-422-_JPG.rf.8591e3fadd990e2c3580f6eac88f0bfb.jpg,fresh,fresh,0.6766364574432373,0.23895826935768127,0.08440522849559784
HALF-FRESH-822-_JPG.rf.85ad3a78a42e6f1e7b210caa9f1bbd72.jpg,suspicious,spoiled,0.13168881833553314,0.3732054829597473,0.4951055943965912
FRESH-436-_JPG.rf.86a571b31446841d9f28966b15906cae.jpg,fresh,fresh,0.6096349358558655,0.31454595923423767,0.07581911981105804
FRESH-553-_JPG.rf.8736bb927f4267a51683804bd8f4cb54.jpg,fresh,fresh,0.6301968097686768,0.35094261169433594,0.01886056736111641
HALF-FRESH-810-_JPG.rf.874dcfd80ec675ffa6dd4fa553539ffc.jpg,suspicious,spoiled,0.08002304285764694,0.3427622616291046,0.5772147178649902
SPOILED-713-_JPG.rf.87db25da7f74c708f7760e1534aac620.jpg,spoiled,spoiled,0.06744217127561569,0.1162734180688858,0.8162844181060791
HALF-FRESH-539-_JPG.rf.8884f3129dc0887f447eaf4f73cf1ec0.jpg,suspicious,fresh,0.5850330591201782,0.3179895579814911,0.09697732329368591
FRESH-599-_JPG.rf.88ee7960be3cf7960bc9978f99adf98b.jpg,fresh,fresh,0.6401851773262024,0.3206353783607483,0.0391794890165329
SPOILED-641-_JPG.rf.8976c889ac7d3c9ea9e5acfc68bd1cf8.jpg,spoiled,spoiled,0.041235994547605515,0.12289406359195709,0.8358699083328247
SPOILED-441-_JPG.rf.8b64d502be79dae82c431ea4a74a60e4.jpg,spoiled,spoiled,0.03813391923904419,0.13949228823184967,0.8223738670349121
FRESH-179-_JPG.rf.8c02e6d4dcf228b8bed29eeec0718b77.jpg,fresh,fresh,0.6514132618904114,0.2224237471818924,0.1261630356311798
FRESH-933-_JPG.rf.8c077f5b7a18858ecef1448f2ed4e4d0.jpg,fresh,fresh,0.4672892391681671,0.4122661054134369,0.12044475227594376
HALF-FRESH-448-_JPG.rf.8d8f3f769ff5fb1b9b2c762b7f706c30.jpg,suspicious,suspicious,0.07259178906679153,0.9063526391983032,0.021055622026324272
FRESH-942-_JPG.rf.8e56bb9d6c9b49180629c2dec2a76c75.jpg,fresh,fresh,0.5552926063537598,0.3143022060394287,0.13040512800216675
SPOILED-716-_JPG.rf.8df6fe9790adc51940d39e5b0d72fda6.jpg,spoiled,spoiled,0.023946965113282204,0.0795852392911911,0.8964678049087524
SPOILED-468-_JPG.rf.8ef498e146b44f74b56c446ec23fd687.jpg,spoiled,spoiled,0.04792220890522003,0.1497950553894043,0.8022827506065369
FRESH-120-_JPG.rf.8fbf5844cb60f8e7e3d16bac8e4fe09d.jpg,fresh,fresh,0.6406665444374084,0.1890118271112442,0.17032164335250854
FRESH-39-_JPG.rf.901da8c759b41d3be3b3e8f5e7db169e.jpg,fresh,fresh,0.5573988556861877,0.34578800201416016,0.0968131273984909
SPOILED-485-_JPG.rf.907f717c74dad2717f81b655b067e6d9.jpg,spoiled,spoiled,0.05752197280526161,0.15343432128429413,0.7890437245368958
HALF-FRESH-372-_JPG.rf.91bbd7bb8b5e6dbe6e37c4e4a2c2890e.jpg,suspicious,suspicious,0.2103610634803772,0.7540097236633301,0.03562922775745392
FRESH-612-_JPG.rf.9401f3f4956433521feabd832a0431b0.jpg,fresh,fresh,0.44667965173721313,0.40617865324020386,0.14714178442955017
SPOILED-48-_JPG.rf.9305a3e41fe952c0fcd813c8347e72be.jpg,spoiled,spoiled,0.014842233620584011,0.041974522173404694,0.9431833028793335
HALF-FRESH-267-_JPG.rf.94212a74c6aa9eb857269ab2db4dcaef.jpg,suspicious,spoiled,0.134739950299263,0.3389878571033478,0.526272177696228
FRESH-464-_JPG.rf.94448350a48c11fce9f459449e5e0e36.jpg,fresh,fresh,0.7274362444877625,0.21915680170059204,0.053406938910484314
HALF-FRESH-283-_JPG.rf.95439d169e2ee0fa154cd66402e44c24.jpg,suspicious,spoiled,0.05733118951320648,0.2748834490776062,0.6677853465080261
FRESH-600-_JPG.rf.949c3aee6617b72952b1e442c137d900.jpg,fresh,fresh,0.6201465725898743,0.30545055866241455,0.07440289109945297
HALF-FRESH-216-_JPG.rf.961ec81f885e86c18c8d38839ce53e21.jpg,suspicious,suspicious,0.05482316389679909,0.5898728370666504,0.3553040027618408
HALF-FRESH-146-_JPG.rf.966517422ccb6d0dd909088b3406c2de.jpg,suspicious,suspicious,0.2899511456489563,0.5592740774154663,0.1507747620344162
FRESH-832-_JPG.rf.97ff8df37ee54aaa81af970d45e2b8eb.jpg,fresh,fresh,0.6495724320411682,0.3181348443031311,0.032292645424604416
HALF-FRESH-556-_JPG.rf.9a4b30acc38058afcea4509f4d014075.jpg,suspicious,spoiled,0.15268798172473907,0.23982849717140198,0.607483446598053
FRESH-582-_JPG.rf.9b2445c21293eb1cb1d2efb6a16a200c.jpg,fresh,fresh,0.7291278839111328,0.24990373849868774,0.020968394353985786
FRESH-442-_JPG.rf.9bec48b4e0608b1e22d8df6ffff081c2.jpg,fresh,fresh,0.5695609450340271,0.22598478198051453,0.20445428788661957
FRESH-618-_JPG.rf.9c4133986ef85a48e7c5bcc80ec3f02b.jpg,fresh,fresh,0.6701146960258484,0.24466963112354279,0.08521563559770584
FRESH-356-_JPG.rf.9c7470747d1c2b7dcb100ba3872ed2f8.jpg,fresh,fresh,0.6117194294929504,0.35772308707237244,0.030557530000805855
SPOILED-51-_JPG.rf.9c89eea5b72dd1a7618754322eab42de.jpg,spoiled,spoiled,0.028942974284291267,0.09278904646635056,0.8782680034637451
HALF-FRESH-99-_JPG.rf.9c976046e76590d2128be66e38a21054.jpg,suspicious,suspicious,0.18658357858657837,0.5018624067306519,0.31155407428741455
HALF-FRESH-762-_JPG.rf.9d6f149d5327c8979a61c40869438e53.jpg,suspicious,suspicious,0.440702885389328,0.5227248668670654,0.03657219931483269
FRESH-701-_JPG.rf.9d53f48ac10689798588fae7e55d5aed.jpg,fresh,fresh,0.6807253360748291,0.1999698281288147,0.1193048506975174
FRESH-31-_JPG.rf.9e803995fecb1e6eece7199d4081a4d8.jpg,fresh,fresh,0.5908550024032593,0.28062140941619873,0.12852366268634796
FRESH-534-_JPG.rf.9f1833957fb496aa8045f9ea7f88ace2.jpg,fresh,fresh,0.6568819284439087,0.2270660102367401,0.11605207622051239
HALF-FRESH-821-_JPG.rf.9f3e4dbd886a61e185daadfb77c8d40a.jpg,suspicious,spoiled,0.16461364924907684,0.3690779507160187,0.46630844473838806
HALF-FRESH-176-_JPG.rf.9f4932fb498d57f8e1eb509943148314.jpg,suspicious,fresh,0.5817253589630127,0.3401608467102051,0.07811375707387924
SPOILED-348-_JPG.rf.9f4bc695391601303988ba78600f7d70.jpg,spoiled,spoiled,0.006805389188230038,0.02117845229804516,0.9720160961151123
SPOILED-1042-_JPG.rf.9fb4014c54d5b72f9ef516e00ef90ff7.jpg,spoiled,spoiled,0.01008571870625019,0.07028016448020935,0.9196341037750244
FRESH-310-_JPG.rf.a09705427f4054d7212570e7023afc34.jpg,fresh,fresh,0.6152669191360474,0.35700541734695435,0.027727702632546425
FRESH-594-_JPG.rf.a128b2e2980cc2a0e8ab20c319b687dc.jpg,fresh,fresh,0.7436879277229309,0.21922464668750763,0.03708737716078758
HALF-FRESH-839-_JPG.rf.a2774463683b1be02fc0db7ad046d2d0.jpg,suspicious,suspicious,0.16093555092811584,0.443816602230072,0.39524778723716736
FRESH-138-_JPG.rf.a35a3104b100c47f1335af15f09d9b88.jpg,fresh,fresh,0.7586526274681091,0.18895301222801208,0.05239437520503998
FRESH-93-_JPG.rf.a35b4321b1a751d48a136888948cb46d.jpg,fresh,fresh,0.35790929198265076,0.31139466166496277,0.3306959867477417
HALF-FRESH-309-_JPG.rf.a4f1777dac6fd3c61b63084321a2f561.jpg,suspicious,suspicious,0.20434245467185974,0.4287922978401184,0.36686521768569946
HALF-FRESH-609-_JPG.rf.a5ac03d3978a40741f68bbbce392bf26.jpg,suspicious,suspicious,0.22170592844486237,0.5715458393096924,0.20674818754196167
SPOILED-266-_JPG.rf.a483d34a4a1564b990afe6794eff2828.jpg,spoiled,spoiled,0.01197049766778946,0.06722212582826614,0.920807421207428
FRESH-323-_JPG.rf.a5b278d85a9306966b056eb540adf39a.jpg,fresh,fresh,0.5054948329925537,0.3540617525577545,0.14044344425201416
FRESH-359-_JPG.rf.a61fe7e3c76a356189a2e8534e54f306.jpg,fresh,fresh,0.6247571110725403,0.28338780999183655,0.09185508638620377
HALF-FRESH-325-_JPG.rf.a62ef3b2e097270954b4e96e6c7a4fec.jpg,suspicious,suspicious,0.05907105281949043,0.7473053336143494,0.1936236023902893
FRESH-771-_JPG.rf.a79f3c2c9df6b6b887acd20af8a62bbc.jpg,fresh,fresh,0.49225592613220215,0.41279882192611694,0.0949452593922615
FRESH-831-_JPG.rf.a7fa0d6f603d0bb5adc9012834518931.jpg,fresh,fresh,0.7010851502418518,0.2724553346633911,0.026459533721208572
HALF-FRESH-258-_JPG.rf.ab243c01ad05b4fc703a686da79196a0.jpg,suspicious,spoiled,0.04110909253358841,0.3998757600784302,0.559015154838562
SPOILED-129-_JPG.rf.ab9ee6ec9cc54cf08a84ed6dd6b17660.jpg,spoiled,spoiled,0.02183254063129425,0.05273160710930824,0.9254359006881714
FRESH-636-_JPG.rf.abe3d2db7af9eb4e5a299c14cfc6291e.jpg,fresh,fresh,0.5672529339790344,0.3699858784675598,0.06276114284992218
HALF-FRESH-360-_JPG.rf.ace39679fc8c93a25ec4f015213191fa.jpg,suspicious,suspicious,0.039880767464637756,0.6809279918670654,0.2791912257671356
FRESH-526-_JPG.rf.ad11e62f4d5388a3421ee4e266cf220b.jpg,fresh,fresh,0.52261883020401,0.331450492143631,0.1459306925535202
HALF-FRESH-274-_JPG.rf.ae1fdb8e246906a2f9ad023d236695aa.jpg,suspicious,suspicious,0.19633059203624725,0.5045457482337952,0.2991236746311188
FRESH-1008-_JPG.rf.aff377bae6b3ad514d9d11dbc9ad4d5f.jpg,fresh,fresh,0.8235934972763062,0.1441277712583542,0.032278768718242645
FRESH-939-_JPG.rf.b08c526d8784baa664bec8b508fbfed4.jpg,fresh,fresh,0.6416742205619812,0.31401315331459045,0.04431265592575073
FRESH-792-_JPG.rf.b0db15b5156d4c726034cd00d37b581b.jpg,fresh,fresh,0.760012686252594,0.15338969230651855,0.08659761399030685
HALF-FRESH-1007-_JPG.rf.b17b9874c7da278c0c38bb551240414f.jpg,suspicious,suspicious,0.43911659717559814,0.46325045824050903,0.09763295948505402
FRESH-378-_JPG.rf.b22a93d743eaa5f1c1aca80b6d693d9c.jpg,fresh,fresh,0.486280620098114,0.35397279262542725,0.15974655747413635
FRESH-496-_JPG.rf.b32b03db666187fed3125abc4ef23f1b.jpg,fresh,fresh,0.46600818634033203,0.3796934485435486,0.15429836511611938
HALF-FRESH-817-_JPG.rf.b33205b1ec21173b91df33ef1704992f.jpg,suspicious,spoiled,0.1532721072435379,0.3585195541381836,0.4882082939147949
FRESH-887-_JPG.rf.b339ba23fd8a7c0018c6fbbbc9626878.jpg,fresh,fresh,0.5705143809318542,0.30059656500816345,0.12888899445533752
SPOILED-1028-_JPG.rf.b394c31ab7aad66b9b628ff50c1492dc.jpg,spoiled,spoiled,0.032987356185913086,0.051246240735054016,0.9157664179801941
FRESH-10-_JPG.rf.b39881c9ff5786aac7f0b9f6f76deb58.jpg,fresh,fresh,0.6361772418022156,0.30346283316612244,0.06035986170172691
HALF-FRESH-537-_JPG.rf.b4040fa30d8881eb1289b603019aebc0.jpg,suspicious,fresh,0.556403636932373,0.3276805877685547,0.11591573804616928
FRESH-525-_JPG.rf.b56f867c62999dfb15f8dbc9e11cb552.jpg,fresh,fresh,0.7052852511405945,0.18424372375011444,0.11047105491161346
SPOILED-180-_JPG.rf.b585d4e642b35da0c395188964f330fa.jpg,spoiled,spoiled,0.06975023448467255,0.11210788786411285,0.8181418776512146
HALF-FRESH-946-_JPG.rf.b5c09449e96166d5db0005ee5e904a5d.jpg,suspicious,suspicious,0.3092670440673828,0.6179347634315491,0.07279813289642334
HALF-FRESH-767-_JPG.rf.b793fd5f1a7a250da3e21aaaf776156d.jpg,suspicious,suspicious,0.40357011556625366,0.4398328959941864,0.15659701824188232
FRESH-656-_JPG.rf.b7dfdb2e2bbf55c6f0c9f44eb412350a.jpg,fresh,fresh,0.608014702796936,0.23894481360912323,0.15304052829742432
SPOILED-213-_JPG.rf.b7f8215a5a0848b1c48a21e9b809cda1.jpg,spoiled,spoiled,0.024181008338928223,0.06474334001541138,0.9110756516456604
SPOILED-278-_JPG.rf.b80b2ffcc22a51a8028267a249072e8e.jpg,spoiled,spoiled,0.07896512746810913,0.1336738020181656,0.7873610854148865
FRESH-296-_JPG.rf.b872675271006291e3b0d8af5214f846.jpg,fresh,fresh,0.377733051776886,0.290723592042923,0.33154332637786865
HALF-FRESH-155-_JPG.rf.b979c2d0e8634828c070b7cead6f686b.jpg,suspicious,suspicious,0.16949038207530975,0.6344112157821655,0.19609834253787994
SPOILED-418-_JPG.rf.b9c343ef6a19a166eb2fab6c91e9c530.jpg,spoiled,spoiled,0.06565317511558533,0.13958622515201569,0.7947606444358826
FRESH-955-_JPG.rf.ba4c8aaa3ecb09b2b6fcfbacfb45d161.jpg,fresh,fresh,0.8032175302505493,0.17485293745994568,0.021929435431957245
HALF-FRESH-807-_JPG.rf.b9fc3a3ebbe5be7338e77f73d709177f.jpg,suspicious,suspicious,0.15265943109989166,0.42901816964149475,0.4183223247528076
SPOILED-360-_JPG.rf.bc5eed1c8f75a6a7022c1b7a0d4166f8.jpg,spoiled,spoiled,0.025719432160258293,0.09188998490571976,0.882390558719635
FRESH-817-_JPG.rf.bd1a86e8bcc07854a78199d7d3cdd71d.jpg,fresh,fresh,0.6332517266273499,0.3314460217952728,0.03530216962099075
SPOILED-292-_JPG.rf.bd7a56c8ccd89e5b11a37956c4c10c48.jpg,spoiled,spoiled,0.0035551576875150204,0.0533808171749115,0.9430639743804932
SPOILED-319-_JPG.rf.bdde571eadd1490210d159261cb5b055.jpg,spoiled,spoiled,0.2507471442222595,0.24262036383152008,0.5066325068473816
HALF-FRESH-790-_JPG.rf.bdc6c2ee631918b1bdb4501e5dccd57d.jpg,suspicious,suspicious,0.2717341482639313,0.4736846685409546,0.25458118319511414
HALF-FRESH-843-_JPG.rf.be0623821e5f620ea62eef3dab9a2e17.jpg,suspicious,spoiled,0.1330585479736328,0.2574162185192108,0.609525203704834
FRESH-774-_JPG.rf.be7d8b87c7949d17993231c1c1a58c5a.jpg,fresh,fresh,0.4887508153915405,0.4016588628292084,0.10959029942750931
SPOILED-366-_JPG.rf.be8827b95942b6f8a36f225d6bb66414.jpg,spoiled,spoiled,0.11772233247756958,0.19970114529132843,0.682576596736908
SPOILED-1024-_JPG.rf.c043f957ae5d4ef4776904ddca95c071.jpg,spoiled,spoiled,0.03373424708843231,0.07147621363401413,0.8947895169258118
FRESH-30-_JPG.rf.c051603834ea0fef5d15c46f471b2c20.jpg,fresh,fresh,0.5608030557632446,0.3480122983455658,0.0911845937371254
FRESH-1002-_JPG.rf.c09ba304a7a18b55fd5547b438b9160b.jpg,fresh,fresh,0.7605386972427368,0.15518814325332642,0.08427312225103378
FRESH-810-_JPG.rf.c0bcd1ada2c41fda9a74f1c51f0ae7da.jpg,fresh,fresh,0.5635538101196289,0.41516152024269104,0.021284718066453934
SPOILED-394-_JPG.rf.c0e7077a8852eae6cf51ac6da63f510c.jpg,spoiled,spoiled,0.01887289620935917,0.05809484049677849,0.923032283782959
FRESH-484-_JPG.rf.c21cf5e2fc9cf459d486f9a3e996b5d6.jpg,fresh,fresh,0.46656370162963867,0.36612391471862793,0.1673123985528946
FRESH-724-_JPG.rf.c27da52ef11905ffd4cf437d251d353d.jpg,fresh,fresh,0.7579121589660645,0.19770966470241547,0.04437822103500366
FRESH-383-_JPG.rf.c2fbe79a3c7dfa565cc1a0a11c48de78.jpg,fresh,fresh,0.5079013109207153,0.336818665266037,0.15528002381324768
SPOILED-417-_JPG.rf.c301b1ab8085ae7697a696e847ed1e3a.jpg,spoiled,spoiled,0.03615706041455269,0.14032158255577087,0.8235213160514832
FRESH-630-_JPG.rf.c36e65671a51879cec89cbf2baa4e864.jpg,fresh,fresh,0.6465629935264587,0.3021915555000305,0.05124545469880104
HALF-FRESH-756-_JPG.rf.c3a8acf970067c07becb68ec2db1efda.jpg,suspicious,suspicious,0.07843468338251114,0.48908016085624695,0.4324851930141449
SPOILED-286-_JPG.rf.c549fada8dc8df3c89f43702a7f0df5e.jpg,spoiled,spoiled,0.007269033696502447,0.021870050579309464,0.9708608984947205
HALF-FRESH-18-_JPG.rf.c5d81f55643589810a0f30fda457e6ca.jpg,suspicious,suspicious,0.33317646384239197,0.4797168970108032,0.18710659444332123
FRESH-987-_JPG.rf.c7f5d2e11aa2dea8f075d5c88b66a8bb.jpg,fresh,fresh,0.4399334490299225,0.3031829595565796,0.2568835914134979
HALF-FRESH-196-_JPG.rf.c768a132c9c5b0d88b2b6c79136e0c2c.jpg,suspicious,suspicious,0.18097561597824097,0.7183049321174622,0.10071945190429688
HALF-FRESH-673-_JPG.rf.c8469e486981b8758801104df330a5ec.jpg,suspicious,suspicious,0.352353572845459,0.5387108325958252,0.10893554985523224
HALF-FRESH-14-_JPG.rf.c84b9669389d55b7e69099fa75e9c9e6.jpg,suspicious,suspicious,0.36535221338272095,0.5495592951774597,0.08508845418691635
FRESH-298-_JPG.rf.ca1508aa271f7886ca3e92dcbc9bf73c.jpg,fresh,fresh,0.40706154704093933,0.36184513568878174,0.23109334707260132
SPOILED-54-_JPG.rf.ca3fadaea1abe4091ab7fcfe3f589821.jpg,spoiled,spoiled,0.03352909907698631,0.12349412590265274,0.8429768085479736
FRESH-342-_JPG.rf.ca818210e970a82cb6b3f1754e932670.jpg,fresh,spoiled,0.2810925543308258,0.2053743153810501,0.5135331153869629
HALF-FRESH-779-_JPG.rf.ca50863f0b1fdbf318229944c46712e2.jpg,suspicious,spoiled,0.07885460555553436,0.3353307545185089,0.5858145952224731
HALF-FRESH-209-_JPG.rf.caf0f8aec24766c54e1b23aec9a17ca7.jpg,suspicious,suspicious,0.26056209206581116,0.4766250252723694,0.26281285285949707
FRESH-770-_JPG.rf.cafe4e3ad770ff9de90313de8f07f247.jpg,fresh,fresh,0.6232593059539795,0.3557262420654297,0.021014411002397537
FRESH-386-_JPG.rf.cc97ca5e90b666faa46a8974c06e4ec6.jpg,fresh,fresh,0.5037002563476562,0.27536600828170776,0.22093375027179718
HALF-FRESH-193-_JPG.rf.cda1c743868837299112dc6c9809ceda.jpg,suspicious,suspicious,0.20577779412269592,0.7861358523368835,0.008086367510259151
HALF-FRESH-407-_JPG.rf.cda7efdf50335dc34192c4cfffaca462.jpg,suspicious,suspicious,0.1981174349784851,0.7493072152137756,0.052575379610061646
HALF-FRESH-723-_JPG.rf.cddec250fa8573d1a54e10c6962fe9f5.jpg,suspicious,suspicious,0.28468385338783264,0.3915051817893982,0.32381102442741394
FRESH-199-_JPG.rf.ce221f7806fdc1714559a355556ed7c3.jpg,fresh,fresh,0.4889603555202484,0.37085795402526855,0.14018169045448303
HALF-FRESH-755-_JPG.rf.ce403812d183cc63a22a6b6e397056ef.jpg,suspicious,fresh,0.5389175415039062,0.40170302987098694,0.05937940999865532
FRESH-53-_JPG.rf.cf7586c5a29c6a595e898241d84e95de.jpg,fresh,fresh,0.5095369815826416,0.3630674481391907,0.12739557027816772
FRESH-42-_JPG.rf.cf8f8318acec27e69d9ac80876a8e5ef.jpg,fresh,fresh,0.5804033279418945,0.36144986748695374,0.058146748691797256
HALF-FRESH-90-_JPG.rf.d125d733f6ff276a892b51a3ce5fb4b2.jpg,suspicious,suspicious,0.16686223447322845,0.424691379070282,0.40844637155532837
FRESH-182-_JPG.rf.d162eb31de35ea84dddd6da41190908a.jpg,fresh,fresh,0.6565510630607605,0.2929007112979889,0.050548188388347626
FRESH-339-_JPG.rf.d201ebf32141de10f63ffc2b8d58e46e.jpg,fresh,fresh,0.6905297040939331,0.22732673585414886,0.08214357495307922
SPOILED-996-_JPG.rf.d26abbee35b30ac40fdeba3a2bc05897.jpg,spoiled,spoiled,0.056696102023124695,0.1259543001651764,0.8173496127128601
FRESH-620-_JPG.rf.d2a215194a8c5b22c149f82216a17ab0.jpg,fresh,fresh,0.6256251335144043,0.3111773729324341,0.06319745630025864
FRESH-966-_JPG.rf.d31ad8bfbd49c80a53b595e750e66872.jpg,fresh,fresh,0.6853047609329224,0.22105005383491516,0.0936451330780983
FRESH-347-_JPG.rf.d37ce34e9274771005a00d2c9fe07622.jpg,fresh,fresh,0.6706168055534363,0.29013627767562866,0.03924696519970894
HALF-FRESH-133-_JPG.rf.d3943596f7bb70f1c704c001697725a0.jpg,suspicious,suspicious,0.13835184276103973,0.7567899823188782,0.10485827922821045
SPOILED-236-_JPG.rf.d452958e476cf266515683defbcb84f3.jpg,spoiled,spoiled,0.03336948901414871,0.10875800251960754,0.8578725457191467
HALF-FRESH-719-_JPG.rf.d491fa4adfbe472590089ebc144b2269.jpg,suspicious,fresh,0.5392593145370483,0.3335387706756592,0.1272018849849701
FRESH-814-_JPG.rf.d4dc870e9243f7b734b4f43b890d9a30.jpg,fresh,fresh,0.8687865138053894,0.09600009024143219,0.035213395953178406
FRESH-289-_JPG.rf.d5dde81bbeb3d4a37b226f71711308c0.jpg,fresh,fresh,0.5856572985649109,0.29426899552345276,0.12007373571395874
HALF-FRESH-87-_JPG.rf.d5fe974dc3b0b8515524740d61c3ce99.jpg,suspicious,suspicious,0.3494340777397156,0.5891944169998169,0.06137154996395111
HALF-FRESH-214-_JPG.rf.d65ee1e2026bd21ccbd15e84754fa079.jpg,suspicious,spoiled,0.04009494185447693,0.44331473112106323,0.5165903568267822
SPOILED-250-_JPG.rf.d7a8c0b16bf2704f21280a39cab12929.jpg,spoiled,spoiled,0.028646444901823997,0.10632684081792831,0.8650267124176025
FRESH-695-_JPG.rf.d90b1193a0e3d50f15b27461d4151c02.jpg,fresh,fresh,0.6870549321174622,0.22499528527259827,0.08794977515935898
FRESH-823-_JPG.rf.d921cc8f84d2d6d54f218f93633d1545.jpg,fresh,fresh,0.5891486406326294,0.33464476466178894,0.07620664685964584
FRESH-444-_JPG.rf.d96598f20df53cf495d27d93e6092ff2.jpg,fresh,fresh,0.8150288462638855,0.11721044033765793,0.06776062399148941
FRESH-740-_JPG.rf.d9f208ac556e15348c73b7ad10af2308.jpg,fresh,fresh,0.9093701839447021,0.07686056196689606,0.01376925129443407
FRESH-700-_JPG.rf.db858459b3a9562006213277978033a9.jpg,fresh,fresh,0.6548084020614624,0.2451319396495819,0.10005967319011688
HALF-FRESH-152-_JPG.rf.dacd47d894786d2e60ed94e14f296532.jpg,suspicious,suspicious,0.374230295419693,0.4267047047615051,0.19906498491764069
FRESH-435-_JPG.rf.dd772a35cfa992c1ccf6224c921c5cc6.jpg,fresh,fresh,0.6773878335952759,0.28126928210258484,0.0413428395986557
SPOILED-414-_JPG.rf.dc2716796b148a91adc2d4ccda25bb2d.jpg,spoiled,spoiled,0.02077021822333336,0.06490470468997955,0.9143250584602356
FRESH-957-_JPG.rf.de84a643c61fc78231395cb1e3090622.jpg,fresh,fresh,0.7860883474349976,0.17876744270324707,0.035144247114658356
FRESH-193-_JPG.rf.df44b3f0471cbb53652e7e48a5fe82fe.jpg,fresh,fresh,0.7212596535682678,0.228560209274292,0.050180111080408096
FRESH-402-_JPG.rf.df5bfbe283ebbeb75a60856eec2e82b0.jpg,fresh,fresh,0.5657805800437927,0.3509597182273865,0.0832596868276596
SPOILED-229-_JPG.rf.df6e02577675d59232d98aa29fe53f40.jpg,spoiled,spoiled,0.04659144952893257,0.16676755249500275,0.786641001701355
FRESH-979-_JPG.rf.dfa3f55a65425699a3ea637edaec8b98.jpg,fresh,fresh,0.5099690556526184,0.44393301010131836,0.046098046004772186
FRESH-593-_JPG.rf.e12e2bca49c292e52c00e3e2ae72279c.jpg,fresh,fresh,0.7018626928329468,0.2711416184902191,0.02699565328657627
HALF-FRESH-109-_JPG.rf.e156d46f5cee10714e9d8be24d62445b.jpg,suspicious,spoiled,0.21414420008659363,0.2839110493659973,0.5019447207450867
FRESH-25-_JPG.rf.e27594e082a26d9e2d3e0542662fb3f2.jpg,fresh,fresh,0.7704293131828308,0.16799113154411316,0.06157958135008812
FRESH-279-_JPG.rf.e2c860c3bec56c98dd64bb5a4c5f9102.jpg,fresh,fresh,0.4514315724372864,0.44656696915626526,0.10200142115354538
HALF-FRESH-770-_JPG.rf.e2f1f01c2c1e9b4d3851908cfca436c1.jpg,suspicious,suspicious,0.382414311170578,0.5013894438743591,0.11619625240564346
HALF-FRESH-789-_JPG.rf.e3138a30bfa3168413830795fc1fd771.jpg,suspicious,suspicious,0.26946666836738586,0.6692209243774414,0.06131242588162422
FRESH-430-_JPG.rf.e33428d8c67541bacce1f8c6be941454.jpg,fresh,fresh,0.6387446522712708,0.3098786175251007,0.05137665569782257
SPOILED-479-_JPG.rf.e38d4b914d9ad1ef813e301c62645630.jpg,spoiled,spoiled,0.05217316001653671,0.11661035567522049,0.8312164545059204
FRESH-761-_JPG.rf.e4daeaffa097b31bb273def2bb9df1d9.jpg,fresh,fresh,0.47674253582954407,0.42804309725761414,0.09521438181400299
FRESH-720-_JPG.rf.e511b594ee157ea87734ef9b3efd7c18.jpg,fresh,fresh,0.5474932789802551,0.38819363713264465,0.06431299448013306
HALF-FRESH-958-_JPG.rf.e581a89f2d2045872b450c821196ad8a.jpg,suspicious,spoiled,0.28745055198669434,0.3377455174922943,0.37480396032333374
FRESH-47-_JPG.rf.e6b19fe02e2fce8e1f2fd2a853c6ead2.jpg,fresh,fresh,0.595845103263855,0.31251418590545654,0.09164072573184967
HALF-FRESH-45-_JPG.rf.e72b1008aa54f467fabbdba52c9f6b19.jpg,suspicious,spoiled,0.17424382269382477,0.3987869322299957,0.4269693195819855
SPOILED-1038-_JPG.rf.e87df85da49da49b9264c4b71bd5ae04.jpg,spoiled,spoiled,0.023999428376555443,0.10632701218128204,0.869673490524292
SPOILED-12-_JPG.rf.e8197597aa029a65767b1ac7a1f2d7f3.jpg,spoiled,spoiled,0.009302305988967419,0.038631100207567215,0.9520665407180786
HALF-FRESH-793-_JPG.rf.e90ee9fef0b3a2d8e19227f7f5cbafad.jpg,suspicious,suspicious,0.18804004788398743,0.40931257605552673,0.402647465467453
HALF-FRESH-96-_JPG.rf.e8f9a0d5a9db9480443d995e3cbfa16d.jpg,suspicious,spoiled,0.20018373429775238,0.3680587112903595,0.43175753951072693
FRESH-692-_JPG.rf.ea3aaa17588c295af5633a1f5ad99c67.jpg,fresh,fresh,0.7951178550720215,0.14629535377025604,0.05858675763010979
SPOILED-458-_JPG.rf.ea9ab7bf5d432407de720dde17192a54.jpg,spoiled,spoiled,0.038517482578754425,0.11057762056589127,0.8509049415588379
SPOILED-364-_JPG.rf.eb68b3d198e0ab408670be094c7aa859.jpg,spoiled,spoiled,0.0187836941331625,0.08165562152862549,0.8995607495307922
SPOILED-731-_JPG.rf.eb78a0aff336b8810c05e120c7e21211.jpg,spoiled,spoiled,0.028432436287403107,0.06872085481882095,0.9028466939926147
HALF-FRESH-227-_JPG.rf.eb9d3c384a1fdfbda7f7f09b1e4fd328.jpg,suspicious,suspicious,0.1302991509437561,0.6912111639976501,0.17848964035511017
FRESH-426-_JPG.rf.ebfb03fcec67180f0078e0eef248cb91.jpg,fresh,fresh,0.5075299143791199,0.3639526963233948,0.12851740419864655
HALF-FRESH-184-_JPG.rf.ed4e1e59506f5a172683240430c52546.jpg,suspicious,suspicious,0.3734555244445801,0.43878525495529175,0.1877591609954834
FRESH-163-_JPG.rf.ee56606bad77d7bcd99546f8f868cbbf.jpg,fresh,fresh,0.9253754615783691,0.06465832144021988,0.009966230019927025
HALF-FRESH-950-_JPG.rf.eeda6b4bacba210ec13598e0482827d0.jpg,suspicious,fresh,0.46851781010627747,0.4006348252296448,0.13084737956523895
HALF-FRESH-833-_JPG.rf.ef5726f718908a5a1637b6718795e426.jpg,suspicious,suspicious,0.22099114954471588,0.4817142188549042,0.29729461669921875
FRESH-995-_JPG.rf.ef523652c8e1da2eff417b05c6c150ee.jpg,fresh,fresh,0.5579153895378113,0.39105308055877686,0.05103161185979843
HALF-FRESH-281-_JPG.rf.f19310b2f9d2db50c93e331053d74491.jpg,suspicious,spoiled,0.12762302160263062,0.39914238452911377,0.4732345640659332
SPOILED-291-_JPG.rf.f2595b043b3affcf70263ccf7660cce6.jpg,spoiled,spoiled,0.02677079290151596,0.10926260054111481,0.8639666438102722
HALF-FRESH-635-_JPG.rf.f197d02a5b7dd55cb1baebc25bd9313d.jpg,suspicious,suspicious,0.22623585164546967,0.7466659545898438,0.027098191902041435
HALF-FRESH-995-_JPG.rf.f296689549e1d1e028136846420c5733.jpg,suspicious,suspicious,0.25149938464164734,0.5281103253364563,0.2203902304172516
SPOILED-445-_JPG.rf.f32998290a4249889c3ebc39b80d8489.jpg,spoiled,spoiled,0.05727275460958481,0.16559849679470062,0.7771286964416504
HALF-FRESH-569-_JPG.rf.f360ff1e4358136ea967d55ff4e7f476.jpg,suspicious,suspicious,0.4486917555332184,0.5403814315795898,0.010926873423159122
HALF-FRESH-930-_JPG.rf.f3dbed2e54bbd6ca708a5d19e8bf7305.jpg,suspicious,suspicious,0.02505844086408615,0.5558469295501709,0.4190947413444519
FRESH-702-_JPG.rf.f5264a54b8649e23c05ce5ee0dc1cbee.jpg,fresh,fresh,0.4438297748565674,0.26536890864372253,0.29080140590667725
HALF-FRESH-955-_JPG.rf.f529061361add990304bd8237b50da0a.jpg,suspicious,suspicious,0.1397676318883896,0.519355297088623,0.3408769965171814
SPOILED-745-_JPG.rf.f7a377399dd86380a0ce3bdad589bf40.jpg,spoiled,spoiled,0.040488384664058685,0.06316887587308884,0.8963426947593689
FRESH-972-_JPG.rf.f7bc5ff9e7cfd13336aa6de89b189555.jpg,fresh,fresh,0.6316247582435608,0.26188236474990845,0.1064927950501442
HALF-FRESH-421-_JPG.rf.f7dd50d7cccc551e9556f99bc2792cb3.jpg,suspicious,suspicious,0.1044677346944809,0.8686274290084839,0.02690483070909977
FRESH-234-_JPG.rf.f8663a22549a3c996c12bb7de946a11d.jpg,fresh,spoiled,0.3177240192890167,0.3243052363395691,0.35797083377838135
HALF-FRESH-784-_JPG.rf.f7dfc7faeda10b83c239f55a59355945.jpg,suspicious,suspicious,0.3340589702129364,0.47684913873672485,0.18909192085266113
HALF-FRESH-105-_JPG.rf.f9c4c70a0e65de47f3c0fabc764a510f.jpg,suspicious,spoiled,0.15085700154304504,0.26677995920181274,0.5823630094528198
HALF-FRESH-128-_JPG.rf.fa1f2bd0448247dd95c586eb181d2f38.jpg,suspicious,suspicious,0.1144736260175705,0.5648358464241028,0.32069042325019836
SPOILED-339-_JPG.rf.fa2ba7a841d2fc746694253675b72cf2.jpg,spoiled,spoiled,0.0660843625664711,0.10534141957759857,0.8285742402076721
HALF-FRESH-249-_JPG.rf.fadf8d16b714ca94545d817d459892e7.jpg,suspicious,suspicious,0.14960317313671112,0.5987551212310791,0.2516416609287262
FRESH-822-_JPG.rf.fafaddd79cedd2e94615c57fb6259d6b.jpg,fresh,fresh,0.5615710616111755,0.28793764114379883,0.15049126744270325
HALF-FRESH-339-_JPG.rf.fb219c0a7b60d0d496ca7cbe9bf941ed.jpg,suspicious,suspicious,0.2579953372478485,0.6393934488296509,0.10261128842830658
HALF-FRESH-717-_JPG.rf.fb509eb0f9da4f285fa5cab67042b208.jpg,suspicious,suspicious,0.07476808875799179,0.6623296141624451,0.26290225982666016
FRESH-698-_JPG.rf.fbea75819bf82d431aee6abffe432489.jpg,fresh,fresh,0.5268057584762573,0.37265825271606445,0.10053597390651703
HALF-FRESH-701-_JPG.rf.fc03be9671b1dd3a566babcc14dfec3c.jpg,suspicious,suspicious,0.31088265776634216,0.41975200176239014,0.26936522126197815
HALF-FRESH-921-_JPG.rf.fc1297a018287a9076ea3d1ce40988f9.jpg,suspicious,suspicious,0.2737208306789398,0.37923598289489746,0.3470432162284851
HALF-FRESH-243-_JPG.rf.fc43ec6771c3395747792e60a89ccadc.jpg,suspicious,suspicious,0.07531131058931351,0.483845978975296,0.44084274768829346
SPOILED-234-_JPG.rf.fc667e9e6ed0cf128e3beebc7437d192.jpg,spoiled,spoiled,0.022227711975574493,0.1161210834980011,0.8616512417793274
HALF-FRESH-319-_JPG.rf.ff1dcbd4bdf6293608dce7efdf24711a.jpg,suspicious,suspicious,0.2627622187137604,0.6702386736869812,0.06699913740158081
SPOILED-303-_JPG.rf.fff2f125852ab23d310a0662f81a7483.jpg,spoiled,spoiled,0.03473057970404625,0.1846855729818344,0.7805837988853455
HALF-FRESH-352-_JPG.rf.009749bbbdfb67c1491020926353097e.jpg,suspicious,suspicious,0.12355730682611465,0.7193855047225952,0.15705718100070953
HALF-FRESH-534-_JPG.rf.0144e6997db2c70684fc86739a0c6d2c.jpg,suspicious,fresh,0.48647192120552063,0.45296090841293335,0.060567110776901245
FRESH-197-_JPG.rf.014c54d0fccdfc653ff950b3a421a3d7.jpg,fresh,fresh,0.6312146782875061,0.3197097182273865,0.049075644463300705
HALF-FRESH-33-_JPG.rf.01b63241e5a9d55c34bfc969a07db29d.jpg,suspicious,suspicious,0.1614440679550171,0.5335677862167358,0.3049880564212799
SPOILED-122-_JPG.rf.0207f2ad2acf8ebf37ef4811ff95e5a9.jpg,spoiled,spoiled,0.0016588320722803473,0.02762104570865631,0.970720112323761
SPOILED-633-_JPG.rf.0254b731c2c33b722b65a8e584c18370.jpg,spoiled,spoiled,0.04446888342499733,0.10240904241800308,0.8531221151351929
HALF-FRESH-541-_JPG.rf.04c597b933a14235f49988c5dac278f3.jpg,suspicious,fresh,0.5734185576438904,0.3326035737991333,0.09397785365581512
HALF-FRESH-16-_JPG.rf.04f6ceedb99371d2b6456448e71615eb.jpg,suspicious,suspicious,0.2718946635723114,0.4995248019695282,0.2285805195569992
HALF-FRESH-293-_JPG.rf.0519c7a2d77f6fdcaec097a1a5ae94d7.jpg,suspicious,suspicious,0.15085570514202118,0.6379153728485107,0.21122898161411285
HALF-FRESH-238-_JPG.rf.057befab66416869b71b5e1b734ec68c.jpg,suspicious,suspicious,0.11886965483427048,0.513187050819397,0.36794331669807434
SPOILED-744-_JPG.rf.058880794fac9ba7e33146a9d6d8429f.jpg,spoiled,spoiled,0.033253613859415054,0.09215500950813293,0.8745913505554199
FRESH-821-_JPG.rf.05889c5cc52c4f2e3e80b4b10846d7ea.jpg,fresh,fresh,0.42757758498191833,0.4047715961933136,0.16765078902244568
HALF-FRESH-816-_JPG.rf.0654eea8618aa5fdfefba2b8ad4b317c.jpg,suspicious,spoiled,0.0934138298034668,0.3978823721408844,0.5087037682533264
SPOILED-46-_JPG.rf.0741f117d310705e26b6025bdbc69104.jpg,spoiled,spoiled,0.011403380893170834,0.046636585146188736,0.9419600367546082
SPOILED-150-_JPG.rf.07b2d5c0f264e84dd7369b3142b0ab5a.jpg,spoiled,spoiled,0.013595706783235073,0.032309506088495255,0.9540947675704956
HALF-FRESH-251-_JPG.rf.07bcc17218f507b4a6728c001b84183b.jpg,suspicious,suspicious,0.1345812827348709,0.5644946098327637,0.300924152135849
SPOILED-283-_JPG.rf.09d58e1fb8815c1df125ae23795a4cbe.jpg,spoiled,spoiled,0.02858724258840084,0.1047077625989914,0.8667050004005432
FRESH-105-_JPG.rf.07cbc9f743a13019963f28112c30d9b6.jpg,fresh,fresh,0.5529930591583252,0.28585293889045715,0.16115403175354004
SPOILED-192-_JPG.rf.09e87f020a24645f819cdb8b25c717d2.jpg,spoiled,spoiled,0.04361110180616379,0.1519167721271515,0.8044720888137817
HALF-FRESH-234-_JPG.rf.0a2cfb6613a209b7980611dc90d3763a.jpg,suspicious,suspicious,0.2086551934480667,0.43772420287132263,0.35362064838409424
SPOILED-182-_JPG.rf.0babd89dbc29b35a6f51a5c66b980dd5.jpg,spoiled,spoiled,0.024052521213889122,0.06236104294657707,0.913586437702179
HALF-FRESH-328-_JPG.rf.0affc56be532ce64a9239bb97f936cd6.jpg,suspicious,suspicious,0.28702467679977417,0.40274932980537415,0.3102259635925293
FRESH-90-_JPG.rf.0bb27f22b1550a15c071db138b6332b3.jpg,fresh,fresh,0.5330063700675964,0.24926072359085083,0.21773289144039154
FRESH-678-_JPG.rf.0c97080b8ddef765f398134d1281fe9c.jpg,fresh,spoiled,0.25637805461883545,0.3514276444911957,0.39219430088996887
HALF-FRESH-1006-_JPG.rf.0ca96c6328a236eaa3caf97806b43547.jpg,suspicious,fresh,0.4981698989868164,0.4582969844341278,0.043533191084861755
FRESH-836-_JPG.rf.0d2e79b9192b4a04d9a5f68064d6191e.jpg,fresh,fresh,0.5270967483520508,0.3469313085079193,0.12597188353538513
HALF-FRESH-332-_JPG.rf.0d51e458a712d10f0a3d80105b57548f.jpg,suspicious,suspicious,0.133634552359581,0.4714539349079132,0.3949114978313446
FRESH-628-_JPG.rf.0d904a868e18bcba32a560e67294e961.jpg,fresh,fresh,0.4351729452610016,0.23514492809772491,0.3296821117401123
FRESH-248-_JPG.rf.0dce9e884dde13c29889b1f2a8169d65.jpg,fresh,fresh,0.46501246094703674,0.3078061640262604,0.22718140482902527
FRESH-131-_JPG.rf.0dd073a038bf984c5efd61c6221f46c6.jpg,fresh,fresh,0.6262064576148987,0.2816612422466278,0.09213224053382874
SPOILED-642-_JPG.rf.0e47b3898bb3d8ed8fa931bc32e150a3.jpg,spoiled,spoiled,0.055272798985242844,0.13010558485984802,0.81462162733078
FRESH-973-_JPG.rf.0e513c0da6812edfb03c56d285009491.jpg,fresh,fresh,0.7089557647705078,0.17104898393154144,0.11999525874853134
HALF-FRESH-262-_JPG.rf.0f4abab238be956898fcadc4e7c9513b.jpg,suspicious,suspicious,0.20895862579345703,0.4278004765510559,0.3632407784461975
FRESH-760-_JPG.rf.0fd9243f559cd5da6658025f82091a54.jpg,fresh,fresh,0.4513062536716461,0.39407727122306824,0.15461650490760803
SPOILED-187-_JPG.rf.101e220a5eba6517da525ee24bf12efd.jpg,spoiled,spoiled,0.10480259358882904,0.19206459820270538,0.7031328082084656
HALF-FRESH-749-_JPG.rf.1165ba627d88f9f1b22fce0a7706d2b9.jpg,suspicious,suspicious,0.26145049929618835,0.5362655520439148,0.20228390395641327
FRESH-78-_JPG.rf.118e13aad4c64d938f6501b3ddc773aa.jpg,fresh,fresh,0.45458292961120605,0.2671521008014679,0.27826496958732605
SPOILED-1036-_JPG.rf.125964e834dc1bb8289aea6e23865c88.jpg,spoiled,spoiled,0.02449190244078636,0.08720662444829941,0.888301432132721
FRESH-929-_JPG.rf.129d80b43b9dfecb88e7248ddb0f3eef.jpg,fresh,suspicious,0.3947979211807251,0.4948006570339203,0.11040140688419342
SPOILED-1020-_JPG.rf.1322f834f0cb0fdc2d6a91b2b0ac9dcc.jpg,spoiled,spoiled,0.08614251762628555,0.2041638046503067,0.7096937298774719
HALF-FRESH-705-_JPG.rf.1385aa608d4f0d97cce24a7910e47a6a.jpg,suspicious,spoiled,0.3107312023639679,0.32280904054641724,0.3664596974849701
HALF-FRESH-324-_JPG.rf.1635c5ff04ed66778e0a7541269ccabf.jpg,suspicious,suspicious,0.11470557749271393,0.7995758056640625,0.08571862429380417
SPOILED-755-_JPG.rf.16bc7e3c1f2890154366e119e5355465.jpg,spoiled,spoiled,0.07224202901124954,0.1592651754617691,0.7684928178787231
FRESH-440-_JPG.rf.16d6eb4ffebffa75a5ce94c749e9acbe.jpg,fresh,fresh,0.46442171931266785,0.2858740985393524,0.24970416724681854
FRESH-789-_JPG.rf.16dffc0421bfe52879ec72f7b74a5d9b.jpg,fresh,fresh,0.6641364097595215,0.1971973478794098,0.1386663019657135
HALF-FRESH-676-_JPG.rf.17b396e4aa7210c32bc2be1621ff744b.jpg,suspicious,fresh,0.41379547119140625,0.4134635031223297,0.17274105548858643
HALF-FRESH-322-_JPG.rf.1873022eb2d5bdc66152548becde2213.jpg,suspicious,suspicious,0.051697127521038055,0.7481745481491089,0.20012836158275604
SPOILED-427-_JPG.rf.195a5bcd9520fbb6e3cd13ff2c24d8dc.jpg,spoiled,spoiled,0.061483390629291534,0.11715220659971237,0.8213644027709961
FRESH-469-_JPG.rf.1ae8590c39e114d1af0232909768cd3f.jpg,fresh,fresh,0.4456707239151001,0.4064423441886902,0.14788690209388733
HALF-FRESH-925-_JPG.rf.1b5b5c7a84b79285ec8a347b8a2b5835.jpg,suspicious,spoiled,0.04820539802312851,0.3481414318084717,0.6036531329154968
FRESH-353-_JPG.rf.1b9e727038635824ece721a5550a22c8.jpg,fresh,fresh,0.5731216669082642,0.40160128474235535,0.02527700364589691
HALF-FRESH-241-_JPG.rf.1bdb900673dfc2738b525b5ed5ffc010.jpg,suspicious,suspicious,0.10244668275117874,0.5132891535758972,0.38426414132118225
HALF-FRESH-695-_JPG.rf.1cd932720e2fc0502eec07f999663b02.jpg,suspicious,suspicious,0.2849361002445221,0.484754741191864,0.23030917346477509
HALF-FRESH-59-_JPG.rf.1cfb389348839893f29664ac86ebfd0b.jpg,suspicious,suspicious,0.15032915771007538,0.6562679409980774,0.19340290129184723
HALF-FRESH-703-_JPG.rf.1d1675c182c97d0361a4bbc54f6c8743.jpg,suspicious,suspicious,0.27821651101112366,0.5586546659469604,0.1631287932395935
SPOILED-334-_JPG.rf.1d80fd868c346c51cc7e8d81e1b4d21a.jpg,spoiled,spoiled,0.02507183514535427,0.11412733048200607,0.8608008027076721
FRESH-132-_JPG.rf.1db565541ea04a7c9a0caca4d22b55af.jpg,fresh,fresh,0.631791889667511,0.2767869830131531,0.09142103046178818
FRESH-191-_JPG.rf.1e1a6f2a034687947815da7300a1b9ee.jpg,fresh,fresh,0.6279484629631042,0.22782309353351593,0.14422841370105743
FRESH-880-_JPG.rf.1e02b7e5de339db9c4df9f68d2f9afd7.jpg,fresh,fresh,0.46564626693725586,0.41037043929100037,0.12398326396942139
HALF-FRESH-350-_JPG.rf.1ea7706e9301c1e59291859bd01ee07c.jpg,suspicious,spoiled,0.19493399560451508,0.3768060803413391,0.4282599091529846
SPOILED-404-_JPG.rf.1f890acc6fefe4547d9f08ff0124c31c.jpg,spoiled,spoiled,0.005980126094073057,0.03843214735388756,0.9555877447128296
FRESH-290-_JPG.rf.203ae3a9e2c9b938c9e9f01c03364300.jpg,fresh,fresh,0.6442539691925049,0.22925753891468048,0.12648850679397583
FRESH-104-_JPG.rf.205297f10fe3ec4e589102d5d06d0659.jpg,fresh,fresh,0.5097931623458862,0.27841711044311523,0.21178972721099854
HALF-FRESH-697-_JPG.rf.20a457e7c42a84b46fd62dd4106d7889.jpg,suspicious,suspicious,0.38235077261924744,0.4530041813850403,0.1646450161933899
FRESH-227-_JPG.rf.20ad659ab1ba17347c8bc5bb68352065.jpg,fresh,fresh,0.4747704565525055,0.30745336413383484,0.2177761346101761
SPOILED-134-_JPG.rf.20fc4aa3de6d5b108a410da33095166a.jpg,spoiled,spoiled,0.0036722254008054733,0.02916836552321911,0.9671594500541687
HALF-FRESH-561-_JPG.rf.215b896c40132a36b04c2861e80922ad.jpg,suspicious,suspicious,0.32956662774086,0.3709651529788971,0.2994682192802429
SPOILED-324-_JPG.rf.22ef4a6301bde210b16e515268dc6835.jpg,spoiled,spoiled,0.015369032509624958,0.07727585732936859,0.9073551297187805
SPOILED-335-_JPG.rf.244e5a9baad3aaad28435ff538efb14b.jpg,spoiled,spoiled,0.08967351913452148,0.19491328299045563,0.7154131531715393
SPOILED-331-_JPG.rf.248b20f0b3c568d2dda7ebcf17826d17.jpg,spoiled,spoiled,0.011986634694039822,0.06316937506198883,0.9248440265655518
HALF-FRESH-934-_JPG.rf.246b3577aa0105bfc8387c5da12d3bc5.jpg,suspicious,suspicious,0.050221312791109085,0.6405717134475708,0.3092069923877716
HALF-FRESH-956-_JPG.rf.25010f37b3efd7e3cdb574156f31ec88.jpg,suspicious,suspicious,0.15620185434818268,0.4374043643474579,0.406393826007843
FRESH-893-_JPG.rf.2558b8849e606e70877fe8474e21bf28.jpg,fresh,fresh,0.7802295684814453,0.1852196902036667,0.0345507450401783
HALF-FRESH-282-_JPG.rf.256abf8f7ac2eeee23a924d9267db9a5.jpg,suspicious,spoiled,0.13810642063617706,0.26897284388542175,0.5929207801818848
FRESH-671-_JPG.rf.2638c64e9a210444d602456b89aba4be.jpg,fresh,suspicious,0.39914965629577637,0.4091770648956299,0.19167326390743256
FRESH-8-_JPG.rf.27216d73770f37c05cfb929dce8b04ed.jpg,fresh,fresh,0.6246793866157532,0.36853721737861633,0.0067834011279046535
SPOILED-19-_JPG.rf.2a1fdd95d72dd9e7dd4a1e29c9cda469.jpg,spoiled,spoiled,0.10208634287118912,0.12957096099853516,0.7683426737785339
HALF-FRESH-588-_JPG.rf.2a358040c73b2d175cd661fc2336063c.jpg,suspicious,suspicious,0.1784292757511139,0.6562346816062927,0.16533610224723816
FRESH-578-_JPG.rf.2b06d0eb208f6c0fd941d46e448d8cf7.jpg,fresh,fresh,0.7551402449607849,0.19136230647563934,0.05349745973944664
FRESH-317-_JPG.rf.2b24b4fa598090fbc920f315cf5308f0.jpg,fresh,fresh,0.6208783388137817,0.24556271731853485,0.1335589736700058
FRESH-224-_JPG.rf.2b8b4d92ceca40b104677e8a7abbaf8a.jpg,fresh,fresh,0.4260847866535187,0.3249607980251312,0.24895447492599487
FRESH-564-_JPG.rf.2c20f25e6e698eefa897f464300349ba.jpg,fresh,fresh,0.782317042350769,0.20258080959320068,0.015102152712643147
FRESH-473-_JPG.rf.2c230de0e6fe7901fbc646fb6ddedc8b.jpg,fresh,fresh,0.6567373275756836,0.2941288352012634,0.049133844673633575
HALF-FRESH-975-_JPG.rf.2c41a0bdde794877f6c8772ecbae99a1.jpg,suspicious,suspicious,0.42181453108787537,0.560234546661377,0.01795095019042492
FRESH-945-_JPG.rf.2cdc8998a7e5ccbd465dddbe1fc9b580.jpg,fresh,fresh,0.600138783454895,0.2826264798641205,0.1172347217798233
HALF-FRESH-224-_JPG.rf.2d994b4774fcead894f9cbee19b42f06.jpg,suspicious,spoiled,0.052992597222328186,0.4079708158969879,0.5390366315841675
HALF-FRESH-783-_JPG.rf.2da8d316b913353a9e9584b11616615f.jpg,suspicious,suspicious,0.34235087037086487,0.5408178567886353,0.11683128029108047
SPOILED-259-_JPG.rf.2e197359c5e5a601d0caa90bf5473618.jpg,spoiled,spoiled,0.09871185570955276,0.11713581532239914,0.7841522693634033
HALF-FRESH-811-_JPG.rf.2ea403724ddf11941ceb3711b5801c47.jpg,suspicious,spoiled,0.11304770410060883,0.41161108016967773,0.4753412902355194
SPOILED-630-_JPG.rf.2eeb2e013056f437bb53f3e5e2075686.jpg,spoiled,spoiled,0.0070010945200920105,0.024079717695713043,0.9689192175865173
HALF-FRESH-236-_JPG.rf.2fe6065a52cbaa7e263c417087f0d369.jpg,suspicious,suspicious,0.20224185287952423,0.5558673739433289,0.24189069867134094
HALF-FRESH-630-_JPG.rf.30af0eb6e75b22f08bb6cfceaa31fdb7.jpg,suspicious,suspicious,0.2237134724855423,0.4585062861442566,0.3177802562713623
FRESH-126-_JPG.rf.3113e38c134f16abbde3e9c086af1e91.jpg,fresh,spoiled,0.36929184198379517,0.227913036942482,0.4027951657772064
HALF-FRESH-296-_JPG.rf.318ff4b31047ab5e70b2a8ec3a787c6d.jpg,suspicious,spoiled,0.11461228132247925,0.38661855459213257,0.4987691640853882
SPOILED-280-_JPG.rf.3214c920a44a5d32b72cf44aec389726.jpg,spoiled,spoiled,0.1665634959936142,0.20771697163581848,0.6257195472717285
FRESH-294-_JPG.rf.3267da1cccb038b6a7bfc871f6166d3d.jpg,fresh,fresh,0.5594696402549744,0.303270548582077,0.137259840965271
HALF-FRESH-398-_JPG.rf.32f6928d8483b1357bd701bd2ef74e8b.jpg,suspicious,suspicious,0.1782131940126419,0.7075835466384888,0.1142033040523529
HALF-FRESH-739-_JPG.rf.33061dbd3192f0bec21d207fc6c92ec4.jpg,suspicious,suspicious,0.17055538296699524,0.4571947157382965,0.3722498416900635
HALF-FRESH-742-_JPG.rf.336134b7a8c0a20be8edeed4451b23f3.jpg,suspicious,suspicious,0.07118385285139084,0.6733740568161011,0.2554421126842499
SPOILED-372-_JPG.rf.33998a59f8ee1961af8005b767ee1a2a.jpg,spoiled,spoiled,0.005676248110830784,0.04782625287771225,0.9464975595474243
FRESH-653-_JPG.rf.33a75d2a81d73579109408eb03dca004.jpg,fresh,fresh,0.709955096244812,0.21214352548122406,0.07790134847164154
SPOILED-30-_JPG.rf.33a92f35e180fcd459a93d8add17716d.jpg,spoiled,spoiled,0.025198673829436302,0.05464008077979088,0.9201613068580627
HALF-FRESH-271-_JPG.rf.344985f97f32e96ae82d69bfefca0024.jpg,suspicious,suspicious,0.2963443696498871,0.4110706150531769,0.29258501529693604
FRESH-717-_JPG.rf.3471675a8873814afc6f2241ecd5e39e.jpg,fresh,fresh,0.8869709968566895,0.10113218426704407,0.011896786279976368
HALF-FRESH-202-_JPG.rf.34cb509c9431b22483bfd383cd64ffb6.jpg,suspicious,suspicious,0.2434261292219162,0.4625125527381897,0.2940613031387329
FRESH-655-_JPG.rf.34e01e1cb5eeb7ac6419614f4da6abf8.jpg,fresh,fresh,0.7566012740135193,0.15051844716072083,0.09288022667169571
SPOILED-487-_JPG.rf.34963daef43af9b2a6fd9af7e1f21f27.jpg,spoiled,spoiled,0.02592793107032776,0.07546388357877731,0.8986082077026367
SPOILED-301-_JPG.rf.35b1095ba556ae172edfb91ba3bf4687.jpg,spoiled,spoiled,0.1085650697350502,0.2256869226694107,0.6657479405403137
SPOILED-1006-_JPG.rf.368f197102bba7d346f319629104cb0d.jpg,spoiled,spoiled,0.04345734417438507,0.08705650269985199,0.8694862127304077
SPOILED-1034-_JPG.rf.3860e7f828d0d30a55ff56f470bd5ec2.jpg,spoiled,spoiled,0.018828507512807846,0.03569050133228302,0.94548100233078
SPOILED-710-_JPG.rf.386f3bf1099d947c8551fd9e9f014560.jpg,spoiled,spoiled,0.06966763734817505,0.11298125982284546,0.8173510432243347
SPOILED-453-_JPG.rf.3a70523b242dba0f66dde6d801069cd4.jpg,spoiled,spoiled,0.003897306276485324,0.027841884642839432,0.9682608246803284
FRESH-99-_JPG.rf.3af814a06d45875dedc1f73fffbdd69d.jpg,fresh,fresh,0.5219992399215698,0.28346648812294006,0.1945342868566513
FRESH-905-_JPG.rf.3a4f070ed42805bd4a4d0e01b45849ee.jpg,fresh,fresh,0.5965666770935059,0.30862346291542053,0.09480979293584824
SPOILED-391-_JPG.rf.3bc0f66162fcbc5e3414eef75228101c.jpg,spoiled,spoiled,0.06884859502315521,0.10280831158161163,0.8283430933952332
FRESH-710-_JPG.rf.3c91d47dca95db552a142934d5e45b56.jpg,fresh,fresh,0.596132218837738,0.3570568263530731,0.04681099206209183
FRESH-573-_JPG.rf.3cbcf89a4232775aa8d234ef34b28d98.jpg,fresh,fresh,0.5579972267150879,0.325298935174942,0.1167038157582283
FRESH-703-_JPG.rf.3d54890caa0a762433d5065d3d3fcf7f.jpg,fresh,fresh,0.5633000731468201,0.3407760262489319,0.09592393040657043
FRESH-4-_JPG.rf.3d59805c3f34b360e1b79ac8955714db.jpg,fresh,fresh,0.6793226003646851,0.28406086564064026,0.03661644086241722
HALF-FRESH-990-_JPG.rf.3e0ab8373e787e84301419b8390007ff.jpg,suspicious,fresh,0.44213056564331055,0.4216860234737396,0.1361834555864334
SPOILED-240-_JPG.rf.3fbec51d0b96eafcaefd5c20a45592a2.jpg,spoiled,spoiled,0.002530286554247141,0.012477499432861805,0.9849921464920044
SPOILED-20-_JPG.rf.4079ad9771a896e16aff7efb6bf87f78.jpg,spoiled,spoiled,0.08256098628044128,0.07730493694543839,0.8401340842247009
FRESH-370-_JPG.rf.4158c4af570f647755093b7924023f4e.jpg,fresh,fresh,0.5396101474761963,0.3306151330471039,0.1297747641801834
HALF-FRESH-713-_JPG.rf.41a128953fe7fa639aa2ca17df20cf0b.jpg,suspicious,suspicious,0.15872865915298462,0.770484983921051,0.07078646123409271
HALF-FRESH-718-_JPG.rf.42e1d7cb28e826521109abb1cdb19a3c.jpg,suspicious,fresh,0.5570807456970215,0.3376106023788452,0.1053086444735527
SPOILED-740-_JPG.rf.430c0c2d3c7ad7aa2c0566b4e41d3a46.jpg,spoiled,spoiled,0.030141456052660942,0.06266157329082489,0.9071969389915466
FRESH-762-_JPG.rf.433ebbaee6fd08e3099722d3786597e9.jpg,fresh,fresh,0.5398199558258057,0.3940111994743347,0.06616881489753723
HALF-FRESH-611-_JPG.rf.43428d77209bb9666fce8512123fc2ca.jpg,suspicious,fresh,0.4531280994415283,0.3293963670730591,0.21747559309005737
SPOILED-145-_JPG.rf.43d839354f8f326444826b7f6b620533.jpg,spoiled,spoiled,0.10152702033519745,0.16110628843307495,0.7373666763305664
HALF-FRESH-728-_JPG.rf.44f78cff7823a413d4591e0f522d329b.jpg,suspicious,spoiled,0.22107431292533875,0.2864147424697876,0.49251094460487366
SPOILED-638-_JPG.rf.37a2cea7214a0c5526b56bd1256b6c0c.jpg,spoiled,spoiled,0.025403331965208054,0.12074196338653564,0.8538546562194824
FRESH-457-_JPG.rf.4512a2401041c9d75fbc82c2cfcce052.jpg,fresh,suspicious,0.39090394973754883,0.46300622820854187,0.1460898518562317
FRESH-569-_JPG.rf.461ec0a85fe43b7ab7a5d69ac333fad6.jpg,fresh,fresh,0.8558458089828491,0.12754277884960175,0.016611386090517044
SPOILED-477-_JPG.rf.4767b8d41c78e578e4e3c9e087b6db8e.jpg,spoiled,spoiled,0.03392527252435684,0.07131490856409073,0.8947598338127136
HALF-FRESH-815-_JPG.rf.4666f6e5b3693ea7eb142e09d3e967b1.jpg,suspicious,suspicious,0.18867097795009613,0.475974440574646,0.3353545367717743
SPOILED-624-_JPG.rf.47d196e9d7f7468dd0a7a66329aaed35.jpg,spoiled,spoiled,0.00637127785012126,0.02953251823782921,0.9640962481498718
FRESH-188-_JPG.rf.481f2add5b28c53b3453dfc2392b9347.jpg,fresh,fresh,0.5848473906517029,0.29002609848976135,0.1251264363527298
FRESH-48-_JPG.rf.4828ce42ef8d5feb06dd5b838da3cd0e.jpg,fresh,fresh,0.6619817018508911,0.2935119867324829,0.04450627788901329
FRESH-549-_JPG.rf.482e6cfd5b72ec441bc8c91df9c584cd.jpg,fresh,fresh,0.7869910597801208,0.2079838365316391,0.005025078542530537
SPOILED-147-_JPG.rf.490a0563dff196e0b8ca0cbcee0afff6.jpg,spoiled,spoiled,0.08583392947912216,0.16323526203632355,0.7509307861328125
FRESH-301-_JPG.rf.488a9ed2823aa2c42447ff5f083f6304.jpg,fresh,fresh,0.5426475405693054,0.33228176832199097,0.12507061660289764
SPOILED-639-_JPG.rf.4922d42744fe6e09909cf0b7433d3634.jpg,spoiled,spoiled,0.06074827164411545,0.13015255331993103,0.8090991973876953
SPOILED-409-_JPG.rf.499632ab16bb763997c5c91b88eb1fd3.jpg,spoiled,spoiled,0.03850201144814491,0.12669193744659424,0.8348060846328735
HALF-FRESH-154-_JPG.rf.4b873a53250dd64a9f47f7beb2243878.jpg,suspicious,suspicious,0.2977457642555237,0.5208436250686646,0.18141071498394012
HALF-FRESH-984-_JPG.rf.4b994eca171f54d19d1289e9feda47f5.jpg,suspicious,suspicious,0.28459662199020386,0.40550991892814636,0.3098934292793274
FRESH-623-_JPG.rf.4322340adf3fe1c88c14411b58fe74d1.jpg,fresh,fresh,0.7278510928153992,0.23138223588466644,0.040766648948192596
SPOILED-242-_JPG.rf.3dd13cf830ade7b717584ca902e6ebde.jpg,spoiled,spoiled,0.024639887735247612,0.06609167903661728,0.9092684388160706
HALF-FRESH-362-_JPG.rf.4bd1b557bc28ed4ebb7c10a5d352c3d4.jpg,suspicious,suspicious,0.3059244751930237,0.6038775444030762,0.09019801020622253
SPOILED-162-_JPG.rf.4bd9a0c812af465ebe013c1a8c577341.jpg,spoiled,spoiled,0.015270822681486607,0.043246909976005554,0.9414822459220886
FRESH-812-_JPG.rf.4c1816957cba3731597615b26d30da4f.jpg,fresh,fresh,0.7917926907539368,0.1508241444826126,0.05738317593932152
HALF-FRESH-123-_JPG.rf.4c1908ce42de68b8717a7e3c14abb738.jpg,suspicious,suspicious,0.2814723551273346,0.5581096410751343,0.16041803359985352
FRESH-29-_JPG.rf.4c952cae7791ccc45b5495a9691ee2fe.jpg,fresh,fresh,0.6001428365707397,0.30133891105651855,0.09851832687854767
SPOILED-272-_JPG.rf.4d0cd3a4d1257f4a4c8ad2c5495ecf55.jpg,spoiled,spoiled,0.018050003796815872,0.04830387234687805,0.9336461424827576
HALF-FRESH-943-_JPG.rf.4d45609c86552deee245c0a3884162ab.jpg,suspicious,suspicious,0.3077351748943329,0.4078090786933899,0.2844557464122772
SPOILED-363-_JPG.rf.4d4c1f444b16aa737fd3d516593d6fd8.jpg,spoiled,spoiled,0.048202887177467346,0.11168897897005081,0.8401082158088684
HALF-FRESH-291-_JPG.rf.4e80b57fb51679aea33e08403f75de2e.jpg,suspicious,suspicious,0.1362244039773941,0.615439772605896,0.24833576381206512
FRESH-480-_JPG.rf.4efa05fb63acbb63e5063772c6dd564c.jpg,fresh,fresh,0.5588534474372864,0.2699225842952728,0.17122401297092438
FRESH-354-_JPG.rf.4f78daf92bf5ddf30bcc597508dbcaaa.jpg,fresh,fresh,0.6191228628158569,0.3174896836280823,0.06338736414909363
HALF-FRESH-586-_JPG.rf.4ff77fc6671e98ebface999d35b75865.jpg,suspicious,suspicious,0.2699609398841858,0.4514833688735962,0.2785557508468628
FRESH-346-_JPG.rf.507fae52e3a379a04ffcf7cb74391507.jpg,fresh,fresh,0.520159900188446,0.36500805616378784,0.11483196914196014
FRESH-540-_JPG.rf.521404d3a90f18395947915c14a492fc.jpg,fresh,spoiled,0.2817381024360657,0.2181263417005539,0.5001355409622192
FRESH-693-_JPG.rf.520d36a54e995a8d32ac525af9976c70.jpg,fresh,fresh,0.6109572649002075,0.23382584750652313,0.15521682798862457
HALF-FRESH-808-_JPG.rf.529d454a1e69427e4cda0e3ef6a9f2fb.jpg,suspicious,suspicious,0.1998472511768341,0.45384669303894043,0.34630605578422546
FRESH-292-_JPG.rf.52a3a426498098b487106d533e3461fc.jpg,fresh,fresh,0.42379918694496155,0.35337239503860474,0.2228284478187561
FRESH-305-_JPG.rf.52b6726ad0d4a84797fa4d04f8299379.jpg,fresh,fresh,0.572952926158905,0.2563982307910919,0.17064882814884186
SPOILED-148-_JPG.rf.53cc7f93785f3514a057574fe7f0f7df.jpg,spoiled,spoiled,0.04139582812786102,0.09671980142593384,0.8618844151496887
HALF-FRESH-230-_JPG.rf.54d1307098d182100fe231b7cfffe364.jpg,suspicious,suspicious,0.20782624185085297,0.5996007919311523,0.19257298111915588
HALF-FRESH-743-_JPG.rf.55da786b994a98332f485a55681a8df2.jpg,suspicious,suspicious,0.31253582239151,0.3816118836402893,0.30585232377052307
SPOILED-490-_JPG.rf.56a0be42dae8e67015a027f8dab97711.jpg,spoiled,spoiled,0.051832035183906555,0.08156408369541168,0.8666039109230042
SPOILED-189-_JPG.rf.557a72188a67f78d2335f67cefc505d3.jpg,spoiled,spoiled,0.1278626173734665,0.20970313251018524,0.6624342799186707
FRESH-338-_JPG.rf.58b3eb5a892b4e2201209243b0dff445.jpg,fresh,fresh,0.46116551756858826,0.2799014151096344,0.25893306732177734
SPOILED-26-_JPG.rf.59b69017d91e0af8f36accf2d71aef25.jpg,spoiled,spoiled,0.03440023586153984,0.10554112493991852,0.8600586652755737
HALF-FRESH-801-_JPG.rf.5bc8f0353a546d9c799de732f96df788.jpg,suspicious,spoiled,0.1906684786081314,0.27370017766952515,0.5356313586235046
